Season,WTeamID,WScore,LTeamID,LScore,WTS%,WFG%,WFG3%,WFT%,LTS%,LFG%,LFG3%,LFT%
2003,1421,92,1411,84,0.420,0.464,0.379,0.654,0.376,0.433,0.387,0.452
2003,1112,80,1436,51,0.420,0.47,0.304,0.786,0.307,0.313,0.25,1
2003,1113,84,1272,71,0.508,0.525,0.429,0.727,0.334,0.362,0.25,0.667
2003,1141,79,1166,73,0.556,0.547,0.429,0.72,0.432,0.45,0.412,0.706
2003,1143,76,1301,74,0.404,0.422,0.35,0.652,0.431,0.446,0.429,0.75
2003,1163,58,1140,53,0.372,0.327,0.286,0.741,0.306,0.313,0.118,0.846
2003,1181,67,1161,57,0.415,0.352,0.308,0.806,0.382,0.333,0.273,0.818
2003,1211,74,1153,69,0.479,0.426,0.429,0.757,0.354,0.394,0.37,0.7
2003,1228,65,1443,60,0.427,0.429,0.357,0.857,0.342,0.379,0.333,0.615
2003,1242,64,1429,61,0.517,0.549,0.333,0.545,0.394,0.411,0.353,0.9
2003,1266,72,1221,68,0.467,0.431,0.563,0.826,0.425,0.444,0.333,0.6
2003,1281,72,1356,71,0.494,0.538,0.385,0.611,0.381,0.4,0.421,0.524
2003,1323,70,1454,69,0.449,0.426,0.231,0.84,0.353,0.348,0.348,0.75
2003,1328,71,1354,54,0.441,0.462,0.556,0.542,0.358,0.404,0.3,0.75
2003,1390,77,1360,69,0.407,0.453,0.333,0.733,0.371,0.328,0.222,0.781
2003,1409,84,1173,71,0.562,0.579,0.667,0.769,0.362,0.424,0.321,0.667
2003,1458,81,1451,74,0.484,0.534,0.375,0.591,0.364,0.408,0.292,0.6
2003,1120,65,1386,63,0.403,0.439,0.389,0.615,0.350,0.373,0.25,0.813
2003,1139,47,1280,46,0.343,0.383,0.278,0.75,0.323,0.364,0.286,0.571
2003,1196,85,1358,55,0.447,0.525,0.464,0.571,0.332,0.333,0.333,0.611
2003,1231,67,1104,62,0.427,0.388,0.389,0.846,0.436,0.423,0.417,0.813
2003,1246,95,1237,64,0.529,0.615,0.5,0.455,0.378,0.367,0.267,0.727
2003,1257,86,1122,64,0.431,0.5,0.333,0.615,0.378,0.444,0.095,0.636
2003,1268,75,1423,73,0.471,0.5,0.526,0.733,0.382,0.364,0.448,0.769
2003,1277,79,1160,64,0.494,0.464,0.538,0.8,0.393,0.433,0.357,0.412
2003,1329,77,1335,63,0.468,0.54,0.35,0.571,0.477,0.488,0.444,0.938
2003,1338,87,1447,61,0.516,0.559,0.563,0.571,0.382,0.412,0.333,0.667
2003,1345,80,1261,56,0.524,0.519,0.563,0.895,0.300,0.333,0.231,0.588
2003,1393,76,1264,65,0.546,0.577,0.364,0.8,0.361,0.361,0.286,0.833
2003,1400,82,1421,61,0.472,0.5,0.375,0.7,0.345,0.371,0.238,0.833
2003,1428,60,1332,58,0.326,0.295,0.391,0.833,0.351,0.345,0.176,0.708
2003,1448,76,1190,73,0.377,0.42,0.261,0.6,0.443,0.4,0.5,0.714
2003,1462,71,1407,59,0.386,0.406,0.3,0.722,0.305,0.354,0.379,0.333
2003,1112,96,1211,95,0.433,0.459,0.292,0.724,0.409,0.442,0.367,0.762
2003,1163,85,1390,74,0.487,0.456,0.6,0.81,0.400,0.435,0.348,0.706
2003,1181,86,1141,60,0.581,0.615,0.667,0.75,0.374,0.368,0.471,0.714
2003,1242,108,1113,76,0.651,0.678,0.556,0.676,0.404,0.406,0.267,0.696
2003,1266,101,1281,92,0.569,0.565,0.667,0.95,0.395,0.431,0.417,0.789
2003,1323,68,1228,60,0.390,0.41,0.542,1,0.345,0.349,0.294,0.688
2003,1328,74,1143,65,0.496,0.51,0.538,0.625,0.444,0.519,0.313,0.5
2003,1458,61,1409,60,0.353,0.386,0.273,0.647,0.416,0.441,0.273,1
2003,1120,68,1448,62,0.406,0.429,0.211,0.8,0.382,0.367,0.348,0.857
2003,1139,79,1257,71,0.480,0.519,0.636,0.579,0.440,0.519,0.44,1
2003,1246,74,1428,54,0.487,0.473,0.308,1,0.391,0.396,0.286,0.75
2003,1268,77,1462,64,0.491,0.517,0.231,0.824,0.374,0.351,0.389,0.708
2003,1277,68,1196,46,0.493,0.556,0.375,0.667,0.332,0.372,0.238,0.75
2003,1338,74,1231,52,0.542,0.532,0.444,0.714,0.398,0.432,0.353,0.8
2003,1393,68,1329,56,0.442,0.456,0.417,0.611,0.310,0.349,0.158,0.474
2003,1400,77,1345,67,0.456,0.403,0.455,0.846,0.378,0.371,0.313,0.667
2003,1112,88,1323,71,0.464,0.474,0.5,0.818,0.395,0.424,0.435,0.611
2003,1242,69,1181,65,0.399,0.433,0.083,0.588,0.344,0.385,0.385,0.625
2003,1246,63,1458,57,0.488,0.49,0.2,0.583,0.390,0.422,0.381,0.688
2003,1266,77,1338,74,0.509,0.519,0.5,0.682,0.489,0.527,0.286,0.8
2003,1277,60,1268,58,0.383,0.393,0.353,0.833,0.372,0.37,0.125,0.889
2003,1328,65,1139,54,0.462,0.491,0.4,0.583,0.425,0.442,0.308,0.706
2003,1393,79,1120,78,0.443,0.439,0.357,0.762,0.422,0.429,0.455,0.824
2003,1400,82,1163,78,0.399,0.348,0.278,0.806,0.411,0.423,0.308,0.56
2003,1242,78,1112,75,0.386,0.433,0.308,0.667,0.430,0.418,0.455,0.826
2003,1266,83,1246,69,0.515,0.564,0.526,0.733,0.381,0.391,0.25,0.625
2003,1393,63,1328,47,0.461,0.521,0.167,0.579,0.259,0.31,0.179,0.545
2003,1400,85,1277,76,0.520,0.49,0.429,0.763,0.467,0.463,0.5,0.692
2003,1242,94,1266,61,0.482,0.535,0.421,0.588,0.311,0.311,0.188,0.667
2003,1393,95,1400,84,0.575,0.571,0.538,0.774,0.428,0.429,0.476,0.625
2003,1393,81,1242,78,0.458,0.476,0.611,0.588,0.374,0.437,0.2,0.4
2004,1197,72,1250,57,0.387,0.397,0.3,0.696,0.287,0.295,0.233,0.737
2004,1104,65,1356,64,0.427,0.453,0.438,0.625,0.385,0.407,0.545,0.8
2004,1163,70,1436,53,0.460,0.5,0.429,0.522,0.280,0.317,0.344,0.667
2004,1177,76,1173,69,0.424,0.407,0.385,0.575,0.316,0.342,0.15,0.522
2004,1181,96,1106,61,0.454,0.485,0.346,0.742,0.361,0.386,0.35,0.588
2004,1211,76,1434,49,0.487,0.537,0.231,0.6,0.270,0.286,0.261,0.636
2004,1264,75,1196,60,0.445,0.433,0.4,0.81,0.443,0.467,0.231,0.682
2004,1268,86,1431,83,0.474,0.492,0.444,0.645,0.497,0.518,0.294,0.833
2004,1305,72,1277,66,0.446,0.435,0.318,0.862,0.418,0.418,0.313,0.833
2004,1314,63,1102,52,0.426,0.415,0.308,0.833,0.373,0.436,0.32,0.769
2004,1371,80,1112,76,0.442,0.466,0.364,0.75,0.525,0.528,0.455,0.789
2004,1386,82,1251,63,0.430,0.45,0.348,0.714,0.399,0.431,0.3,0.722
2004,1390,71,1427,45,0.476,0.5,0.429,0.733,0.258,0.238,0.133,0.619
2004,1393,80,1140,75,0.538,0.522,0.688,0.75,0.420,0.473,0.385,0.684
2004,1400,66,1343,49,0.464,0.46,0.733,0.643,0.298,0.353,0.192,0.667
2004,1403,76,1150,73,0.488,0.492,0.364,0.778,0.400,0.431,0.25,0.81
2004,1448,79,1433,78,0.482,0.519,0.375,0.63,0.471,0.509,0.55,0.692
2004,1130,58,1428,51,0.549,0.523,0.75,0.818,0.352,0.38,0.167,1
2004,1153,80,1190,77,0.405,0.468,0.406,0.818,0.364,0.392,0.261,0.65
2004,1210,65,1320,60,0.415,0.455,0.333,0.75,0.351,0.389,0.37,0.8
2004,1228,72,1293,53,0.401,0.45,0.375,0.692,0.346,0.347,0.4,0.647
2004,1242,78,1227,53,0.569,0.615,0.417,0.625,0.308,0.313,0.188,0.714
2004,1246,96,1197,76,0.479,0.565,0.393,0.652,0.375,0.455,0.367,0.417
2004,1272,59,1376,43,0.331,0.39,0.333,0.571,0.347,0.357,0.154,0.688
2004,1280,85,1284,52,0.482,0.536,0.364,0.739,0.307,0.353,0.333,0.467
2004,1301,61,1418,52,0.398,0.367,0.294,0.833,0.321,0.327,0.227,0.652
2004,1329,75,1186,56,0.551,0.545,0.333,0.813,0.334,0.356,0.158,0.846
2004,1334,66,1344,58,0.459,0.48,0.429,0.667,0.324,0.377,0.231,1
2004,1338,53,1416,44,0.360,0.295,0.313,0.71,0.288,0.308,0.25,0.7
2004,1412,102,1449,100,0.462,0.462,0.346,0.75,0.505,0.547,0.3,0.706
2004,1435,71,1444,58,0.487,0.565,0.579,0.444,0.326,0.349,0.105,0.75
2004,1458,76,1350,64,0.478,0.49,0.444,0.75,0.423,0.463,0.438,0.538
2004,1462,80,1257,70,0.521,0.5,0.5,0.862,0.347,0.397,0.313,0.769
2004,1104,70,1390,67,0.430,0.372,0.211,0.773,0.329,0.356,0.292,0.727
2004,1163,72,1177,55,0.418,0.433,0.313,0.652,0.345,0.339,0.333,0.769
2004,1181,90,1371,62,0.594,0.542,0.364,0.895,0.383,0.421,0.176,0.688
2004,1305,91,1211,72,0.485,0.469,0.471,0.793,0.343,0.373,0.136,0.722
2004,1386,70,1403,65,0.388,0.474,0.387,0.8,0.457,0.472,0.25,0.857
2004,1393,72,1268,70,0.430,0.4,0.333,0.632,0.434,0.385,0.25,0.711
2004,1400,78,1314,75,0.499,0.491,0.385,0.826,0.370,0.385,0.321,0.842
2004,1448,84,1264,80,0.480,0.509,0.4,0.75,0.436,0.46,0.35,0.75
2004,1210,57,1130,54,0.398,0.451,0.333,0.833,0.425,0.455,0.385,0.6
2004,1228,92,1153,68,0.574,0.636,0.579,0.786,0.431,0.466,0.438,0.636
2004,1242,78,1334,63,0.463,0.483,0.333,0.714,0.391,0.426,0.3,0.733
2004,1329,70,1272,53,0.526,0.596,0.417,0.529,0.362,0.4,0.353,0.5
2004,1338,59,1458,55,0.381,0.356,0.2,0.789,0.374,0.354,0.444,0.765
2004,1412,76,1246,75,0.419,0.448,0.444,0.615,0.422,0.443,0.35,0.778
2004,1435,75,1301,73,0.451,0.469,0.4,0.905,0.399,0.474,0.419,0.75
2004,1462,89,1280,74,0.529,0.545,0.684,0.696,0.345,0.361,0.346,0.619
2004,1104,80,1393,71,0.476,0.5,0.409,0.826,0.456,0.473,0.357,0.7
2004,1163,73,1435,53,0.489,0.529,0.353,0.867,0.314,0.351,0.333,0.625
2004,1329,63,1338,51,0.525,0.489,0.5,0.938,0.321,0.362,0.176,0.6
2004,1386,84,1448,80,0.456,0.5,0.5,0.609,0.513,0.529,0.5,0.72
2004,1181,72,1228,62,0.476,0.549,0.333,0.667,0.379,0.406,0.308,0.545
2004,1210,72,1305,67,0.397,0.429,0.333,0.545,0.336,0.319,0.25,0.75
2004,1242,100,1412,74,0.586,0.536,0.4,0.818,0.323,0.324,0.242,0.833
2004,1462,79,1400,71,0.401,0.397,0.32,0.714,0.415,0.419,0.438,0.706
2004,1163,87,1104,71,0.485,0.483,0.588,0.655,0.408,0.417,0.316,0.833
2004,1329,64,1386,62,0.418,0.472,0.235,0.667,0.349,0.386,0.308,0.769
2004,1181,66,1462,63,0.399,0.389,0.4,0.8,0.357,0.349,0.2,0.696
2004,1210,79,1242,71,0.454,0.446,0.188,0.765,0.384,0.4,0.316,0.684
2004,1163,79,1181,78,0.512,0.5,0.545,0.656,0.378,0.408,0.273,0.609
2004,1210,67,1329,65,0.459,0.49,0.412,0.75,0.428,0.44,0.267,0.68
2004,1163,82,1210,73,0.431,0.426,0.294,0.641,0.357,0.38,0.318,0.571
2005,1324,79,1105,69,0.489,0.509,0.467,0.7,0.363,0.39,0.357,0.722
2005,1112,66,1429,53,0.465,0.469,0.429,0.778,0.338,0.364,0.368,0.6
2005,1130,85,1335,65,0.567,0.577,0.667,0.68,0.308,0.352,0.333,0.5
2005,1153,76,1234,64,0.449,0.474,0.5,0.591,0.368,0.339,0.294,0.76
2005,1211,74,1457,64,0.437,0.458,0.313,0.682,0.351,0.367,0.385,0.833
2005,1228,67,1192,55,0.398,0.426,0.286,0.714,0.353,0.404,0.25,0.455
2005,1246,72,1184,64,0.490,0.51,0.182,0.692,0.391,0.441,0.333,0.545
2005,1305,61,1400,57,0.363,0.371,0.214,0.667,0.353,0.353,0.5,0.667
2005,1328,84,1310,67,0.449,0.459,0.231,0.867,0.327,0.353,0.214,0.867
2005,1334,79,1338,71,0.464,0.473,0.5,0.739,0.395,0.424,0.348,0.722
2005,1403,78,1417,66,0.591,0.615,0.429,0.688,0.381,0.433,0.3,0.533
2005,1412,82,1261,68,0.451,0.458,0.438,0.583,0.325,0.359,0.194,0.727
2005,1428,60,1431,54,0.367,0.429,0.25,0.6,0.409,0.415,0.222,0.889
2005,1448,70,1151,54,0.367,0.414,0.286,0.667,0.355,0.404,0.3,0.667
2005,1449,88,1285,77,0.508,0.552,0.474,0.682,0.435,0.508,0.45,0.25
2005,1452,63,1166,61,0.439,0.478,0.4,0.846,0.403,0.42,0.4,0.846
2005,1454,83,1104,73,0.498,0.52,0.571,0.679,0.456,0.52,0.391,0.75
2005,1137,64,1242,63,0.344,0.4,0.258,0.75,0.457,0.435,0.091,0.815
2005,1163,77,1416,71,0.513,0.5,0.5,0.64,0.361,0.344,0.393,0.857
2005,1181,57,1175,46,0.397,0.41,0.3,0.655,0.330,0.365,0.333,0.5
2005,1196,67,1325,62,0.392,0.389,0.304,0.947,0.411,0.391,0.5,0.654
2005,1210,80,1203,68,0.490,0.5,0.438,0.773,0.386,0.446,0.375,0.25
2005,1235,64,1278,53,0.436,0.439,0.25,0.632,0.293,0.333,0.217,0.6
2005,1257,68,1418,62,0.374,0.386,0.273,0.667,0.425,0.453,0.333,0.556
2005,1277,89,1330,81,0.550,0.569,0.214,0.778,0.438,0.426,0.35,0.846
2005,1280,93,1390,70,0.544,0.561,0.529,0.769,0.380,0.381,0.222,0.72
2005,1301,75,1150,63,0.428,0.441,0.211,0.864,0.370,0.397,0.381,0.643
2005,1314,96,1324,68,0.562,0.638,0.632,0.526,0.420,0.431,0.4,0.667
2005,1329,63,1368,50,0.555,0.486,0.571,0.793,0.421,0.444,0.3,0.7
2005,1356,65,1388,56,0.411,0.41,0.333,0.786,0.347,0.333,0.2,0.818
2005,1436,60,1393,57,0.354,0.373,0.333,0.818,0.402,0.418,0.25,0.889
2005,1437,55,1307,47,0.297,0.283,0.276,0.708,0.269,0.298,0.16,0.75
2005,1458,57,1320,52,0.364,0.417,0.423,0.6,0.354,0.415,0.235,0.5
2005,1112,85,1412,63,0.477,0.526,0.318,0.783,0.309,0.328,0.2,0.833
2005,1228,71,1305,59,0.509,0.531,0.167,0.85,0.399,0.37,0.333,0.64
2005,1246,69,1153,60,0.501,0.51,0.583,0.667,0.315,0.328,0.269,0.684
2005,1403,71,1211,69,0.461,0.492,0.364,0.563,0.416,0.468,0.154,0.5
2005,1428,67,1328,58,0.584,0.595,0.625,0.643,0.311,0.318,0.105,0.737
2005,1449,97,1334,79,0.509,0.563,0.391,0.842,0.401,0.448,0.333,0.647
2005,1452,111,1448,105,0.513,0.529,0.333,0.769,0.478,0.507,0.391,0.667
2005,1454,83,1130,75,0.468,0.473,0.458,0.909,0.491,0.46,0.364,0.714
2005,1181,63,1280,55,0.393,0.38,0.381,0.81,0.326,0.323,0.308,0.524
2005,1257,76,1210,54,0.505,0.524,0.476,0.786,0.368,0.377,0.375,0.8
2005,1277,72,1436,61,0.463,0.482,0.167,0.727,0.311,0.314,0.318,0.714
2005,1301,65,1163,62,0.419,0.4,0.5,0.882,0.419,0.423,0.143,0.889
2005,1314,92,1235,65,0.433,0.477,0.32,0.595,0.337,0.355,0.308,0.412
2005,1329,85,1356,77,0.586,0.543,0.5,0.879,0.437,0.411,0.316,0.833
2005,1437,76,1196,65,0.450,0.414,0.273,0.714,0.401,0.385,0.389,0.72
2005,1458,71,1137,62,0.469,0.457,0.412,0.759,0.436,0.46,0.333,0.786
2005,1112,79,1329,78,0.577,0.66,0.5,0.588,0.412,0.439,0.435,0.769
2005,1228,77,1454,63,0.461,0.491,0.45,0.8,0.335,0.386,0.241,0.667
2005,1257,93,1449,79,0.493,0.554,0.423,0.714,0.379,0.418,0.24,0.607
2005,1452,65,1403,60,0.413,0.471,0.409,0.615,0.422,0.429,0.125,0.688
2005,1246,62,1428,52,0.514,0.615,0.308,0.526,0.411,0.415,0.4,0.5
2005,1277,78,1181,68,0.438,0.415,0.357,0.826,0.402,0.431,0.304,0.708
2005,1314,67,1437,66,0.432,0.417,0.421,0.792,0.339,0.377,0.286,0.632
2005,1458,65,1301,56,0.516,0.5,0.4,0.76,0.360,0.38,0.409,0.692
2005,1228,90,1112,89,0.400,0.451,0.457,0.667,0.504,0.525,0.389,0.857
2005,1257,93,1452,85,0.471,0.552,0.393,0.621,0.516,0.553,0.667,0.789
2005,1277,94,1246,88,0.489,0.469,0.526,0.8,0.448,0.449,0.474,0.739
2005,1314,88,1458,82,0.500,0.531,0.313,0.833,0.452,0.492,0.458,0.846
2005,1228,72,1257,57,0.402,0.482,0.4,0.75,0.359,0.389,0.3,0.75
2005,1314,87,1277,71,0.442,0.493,0.3,0.647,0.338,0.338,0.304,0.778
2005,1314,75,1228,70,0.491,0.519,0.563,0.632,0.311,0.386,0.3,0.667
2006,1284,71,1214,49,0.390,0.443,0.385,0.778,0.293,0.302,0.267,0.538
2006,1104,90,1266,85,0.491,0.509,0.522,0.71,0.465,0.525,0.318,0.737
2006,1130,88,1334,76,0.474,0.509,0.261,0.828,0.396,0.413,0.4,0.778
2006,1181,70,1380,54,0.481,0.49,0.333,0.85,0.340,0.355,0.308,0.6
2006,1196,76,1375,50,0.430,0.492,0.4,0.8,0.322,0.345,0.45,0.5
2006,1203,88,1423,85,0.450,0.47,0.455,0.727,0.506,0.593,0.5,0.556
2006,1211,79,1462,75,0.535,0.52,0.5,0.778,0.401,0.412,0.357,0.697
2006,1228,78,1102,69,0.499,0.58,0.364,0.857,0.454,0.512,0.481,0.778
2006,1231,87,1361,83,0.418,0.493,0.308,0.563,0.521,0.564,0.556,0.733
2006,1261,80,1233,64,0.549,0.529,0.5,0.778,0.356,0.377,0.167,0.6
2006,1285,87,1305,79,0.545,0.518,0.5,0.852,0.427,0.471,0.278,0.8
2006,1397,63,1457,61,0.393,0.453,0.238,0.714,0.349,0.393,0.292,0.588
2006,1401,66,1393,58,0.385,0.357,0.35,0.864,0.366,0.392,0.211,0.667
2006,1417,78,1125,44,0.510,0.536,0.308,0.824,0.263,0.288,0.211,0.462
2006,1449,75,1429,61,0.419,0.475,0.444,0.875,0.446,0.49,0.231,0.8
2006,1454,82,1328,74,0.460,0.455,0.3,0.813,0.471,0.525,0.357,0.625
2006,1455,86,1371,66,0.462,0.474,0.455,0.688,0.369,0.344,0.3,0.947
2006,1112,94,1458,75,0.594,0.593,0.5,0.826,0.428,0.431,0.5,0.682
2006,1133,77,1242,73,0.442,0.442,0.524,0.625,0.433,0.448,0.389,0.737
2006,1137,59,1116,55,0.405,0.386,0.524,0.778,0.395,0.404,0.167,0.625
2006,1163,72,1107,59,0.532,0.587,0.5,0.769,0.418,0.462,0.267,0.875
2006,1206,75,1277,65,0.518,0.592,0.417,0.462,0.368,0.433,0.385,0.6
2006,1207,54,1320,49,0.379,0.435,0.263,0.643,0.309,0.354,0.269,0.667
2006,1246,69,1412,64,0.348,0.311,0.2,0.867,0.358,0.431,0.208,0.529
2006,1272,94,1331,78,0.522,0.607,0.5,0.563,0.508,0.528,0.467,0.75
2006,1301,58,1143,52,0.443,0.5,0.313,0.647,0.386,0.426,0.313,0.7
2006,1314,69,1293,65,0.448,0.458,0.278,0.8,0.334,0.385,0.259,0.667
2006,1322,64,1234,63,0.359,0.383,0.391,0.643,0.447,0.439,0.333,0.808
2006,1326,70,1172,62,0.360,0.4,0.227,0.565,0.333,0.382,0.227,0.714
2006,1338,79,1245,64,0.593,0.674,0.429,0.733,0.369,0.39,0.409,0.692
2006,1400,60,1335,52,0.452,0.4,0.2,0.846,0.303,0.321,0.37,0.615
2006,1437,58,1284,45,0.333,0.308,0.28,0.826,0.344,0.341,0.235,0.765
2006,1452,64,1356,46,0.368,0.44,0.344,0.818,0.372,0.426,0.308,0.5
2006,1130,69,1285,56,0.411,0.429,0.471,0.778,0.351,0.364,0.35,0.818
2006,1181,74,1203,61,0.485,0.477,0.375,0.703,0.323,0.309,0.278,0.737
2006,1196,82,1454,60,0.486,0.536,0.4,0.737,0.339,0.361,0.35,0.529
2006,1211,90,1231,80,0.500,0.459,0.182,0.78,0.372,0.449,0.444,0.333
2006,1261,58,1401,57,0.381,0.352,0.167,0.783,0.400,0.415,0.462,0.583
2006,1417,62,1104,59,0.399,0.511,0.36,0.385,0.484,0.487,0.182,0.76
2006,1449,67,1228,64,0.434,0.378,0.333,0.718,0.373,0.397,0.278,0.818
2006,1455,80,1397,73,0.528,0.5,0.6,0.793,0.359,0.403,0.345,0.692
2006,1133,72,1338,66,0.455,0.373,0.333,0.813,0.384,0.41,0.3,0.909
2006,1163,87,1246,83,0.493,0.5,0.308,0.7,0.442,0.468,0.333,0.944
2006,1206,65,1314,60,0.395,0.397,0.25,0.789,0.313,0.359,0.333,1
2006,1207,70,1326,52,0.453,0.466,0.429,0.833,0.388,0.404,0.313,1
2006,1272,72,1137,56,0.477,0.479,0.438,0.731,0.426,0.366,0.167,0.828
2006,1400,75,1301,54,0.450,0.464,0.421,0.789,0.324,0.393,0.136,0.583
2006,1437,82,1112,78,0.514,0.538,0.474,0.85,0.430,0.431,0.294,0.85
2006,1452,67,1322,54,0.406,0.391,0.318,0.727,0.338,0.382,0.3,0.545
2006,1261,62,1181,54,0.397,0.393,0.286,0.522,0.275,0.277,0.192,0.813
2006,1272,80,1133,64,0.482,0.517,0.4,0.667,0.364,0.333,0.313,0.704
2006,1400,74,1452,71,0.431,0.483,0.211,0.7,0.388,0.455,0.455,0.75
2006,1417,73,1211,71,0.400,0.404,0.286,0.7,0.490,0.471,0.3,0.769
2006,1163,98,1449,92,0.540,0.529,0.526,0.723,0.418,0.425,0.3,0.783
2006,1196,57,1207,53,0.435,0.422,0.385,0.824,0.337,0.389,0.238,0.75
2006,1206,63,1455,55,0.449,0.455,0.5,0.652,0.288,0.313,0.125,0.706
2006,1437,60,1130,59,0.342,0.35,0.211,0.7,0.391,0.469,0.263,0.471
2006,1261,70,1400,60,0.384,0.424,0.167,0.688,0.292,0.304,0.345,0.727
2006,1417,50,1272,45,0.384,0.35,0.25,0.513,0.290,0.315,0.118,0.6
2006,1196,75,1437,62,0.443,0.407,0.235,0.871,0.287,0.247,0.174,0.815
2006,1206,86,1163,84,0.483,0.5,0.5,0.68,0.436,0.47,0.318,0.789
2006,1196,73,1206,58,0.423,0.434,0.48,0.789,0.396,0.411,0.182,0.714
2006,1417,59,1261,45,0.386,0.412,0.278,0.706,0.329,0.32,0,0.464
2006,1196,73,1417,57,0.425,0.448,0.316,0.75,0.339,0.361,0.176,0.714
2007,1310,77,1197,69,0.380,0.387,0.296,0.75,0.388,0.453,0.235,0.389
2007,1130,84,1403,75,0.490,0.526,0.4,0.8,0.436,0.462,0.412,0.889
2007,1139,57,1330,46,0.370,0.413,0.375,0.625,0.295,0.327,0.2,0.857
2007,1207,80,1125,55,0.514,0.547,0.438,0.75,0.307,0.357,0.231,0.529
2007,1231,70,1211,57,0.389,0.397,0.36,0.938,0.347,0.339,0.368,0.75
2007,1257,78,1390,58,0.486,0.49,0.412,0.75,0.387,0.412,0.25,0.481
2007,1268,82,1172,70,0.439,0.456,0.353,0.737,0.309,0.343,0.27,0.857
2007,1277,61,1266,49,0.530,0.537,0.4,0.867,0.297,0.319,0.345,0.6
2007,1314,86,1184,65,0.575,0.649,0.462,0.545,0.389,0.475,0.273,0.5
2007,1326,78,1148,57,0.476,0.519,0.55,0.611,0.342,0.358,0.385,0.9
2007,1338,79,1460,58,0.481,0.545,0.476,0.643,0.308,0.333,0.25,0.583
2007,1401,68,1335,52,0.448,0.471,0.385,0.556,0.319,0.362,0.2,0.75
2007,1417,70,1451,42,0.432,0.466,0.526,0.667,0.391,0.342,0.167,0.682
2007,1433,79,1181,77,0.451,0.426,0.563,0.75,0.463,0.466,0.273,0.625
2007,1435,77,1203,44,0.389,0.426,0.387,0.813,0.301,0.271,0.214,0.6
2007,1450,70,1331,54,0.465,0.474,0.385,0.917,0.333,0.358,0.286,0.625
2007,1462,79,1140,77,0.461,0.429,0.471,0.793,0.420,0.433,0.474,0.769
2007,1196,112,1238,69,0.496,0.589,0.357,0.593,0.355,0.362,0.273,0.929
2007,1242,107,1310,67,0.498,0.541,0.591,0.538,0.335,0.318,0.105,0.676
2007,1246,67,1437,58,0.437,0.455,0.263,0.71,0.342,0.327,0.333,0.75
2007,1272,73,1317,58,0.406,0.403,0.25,0.704,0.399,0.358,0.4,0.727
2007,1305,77,1166,71,0.430,0.452,0.35,0.824,0.373,0.423,0.158,0.667
2007,1332,58,1275,56,0.430,0.432,0.313,0.882,0.409,0.477,0.35,0.7
2007,1345,72,1112,63,0.388,0.381,0.294,0.655,0.426,0.412,0.267,0.944
2007,1356,61,1221,51,0.461,0.439,0.167,0.767,0.383,0.333,0.091,0.71
2007,1397,121,1253,86,0.534,0.589,0.519,0.7,0.467,0.492,0.571,0.714
2007,1400,79,1308,67,0.504,0.49,0.25,0.962,0.363,0.403,0.28,0.833
2007,1424,67,1210,63,0.329,0.317,0.267,0.778,0.396,0.41,0.273,0.588
2007,1425,77,1116,60,0.520,0.5,0.308,0.92,0.350,0.368,0.15,0.75
2007,1438,84,1107,57,0.519,0.536,0.529,0.833,0.327,0.379,0.308,0.714
2007,1439,54,1228,52,0.395,0.357,0.429,0.643,0.379,0.422,0.353,0.533
2007,1457,74,1323,64,0.405,0.452,0.381,0.526,0.338,0.418,0.182,0.308
2007,1458,76,1394,63,0.431,0.4,0.35,0.833,0.457,0.435,0.5,0.68
2007,1139,62,1268,59,0.384,0.442,0.462,0.667,0.443,0.469,0.545,0.467
2007,1207,62,1130,55,0.406,0.423,0.25,0.737,0.340,0.382,0.286,0.636
2007,1314,81,1277,67,0.488,0.481,0.375,0.735,0.387,0.373,0.4,0.882
2007,1326,78,1462,71,0.420,0.413,0.429,0.85,0.390,0.426,0.348,0.688
2007,1338,84,1433,79,0.519,0.544,0.5,0.593,0.389,0.408,0.304,0.824
2007,1401,72,1257,69,0.544,0.463,0.625,0.744,0.450,0.444,0.278,0.774
2007,1417,54,1231,49,0.406,0.362,0.222,0.75,0.317,0.327,0.313,0.476
2007,1435,78,1450,74,0.398,0.429,0.37,0.778,0.428,0.45,0.368,0.765
2007,1196,74,1345,67,0.502,0.5,0.278,0.871,0.410,0.475,0.294,0.462
2007,1242,88,1246,76,0.556,0.566,0.625,0.783,0.404,0.414,0.385,0.783
2007,1272,78,1305,62,0.429,0.39,0.353,0.765,0.363,0.368,0.238,0.882
2007,1332,75,1457,61,0.445,0.482,0.478,0.833,0.319,0.393,0.258,0.625
2007,1356,63,1439,48,0.425,0.442,0.571,0.565,0.363,0.413,0.154,0.5
2007,1397,77,1438,74,0.409,0.407,0.423,0.688,0.412,0.375,0.269,0.861
2007,1424,74,1458,68,0.458,0.462,0.5,0.8,0.405,0.412,0.238,0.778
2007,1425,87,1400,68,0.474,0.458,0.375,0.711,0.343,0.375,0.25,0.813
2007,1242,61,1356,58,0.541,0.595,0.167,0.526,0.329,0.368,0.24,0.714
2007,1272,65,1401,64,0.405,0.426,0.294,0.667,0.436,0.475,0.3,0.5
2007,1326,85,1397,84,0.481,0.529,0.364,0.657,0.418,0.484,0.516,0.471
2007,1417,64,1338,55,0.482,0.429,0.385,0.885,0.356,0.364,0.438,0.571
2007,1196,65,1139,57,0.498,0.5,0.421,0.821,0.381,0.4,0.368,0.769
2007,1207,66,1435,65,0.407,0.446,0.421,0.571,0.374,0.412,0.333,0.7
2007,1314,74,1425,64,0.376,0.39,0.143,0.706,0.386,0.426,0.278,0.778
2007,1332,76,1424,72,0.471,0.479,0.565,0.773,0.321,0.378,0.273,0.583
2007,1326,92,1272,76,0.535,0.51,0.294,0.854,0.397,0.4,0.455,0.7
2007,1417,68,1242,55,0.486,0.533,0.471,0.667,0.399,0.411,0.5,0.455
2007,1196,85,1332,77,0.467,0.479,0.458,0.651,0.442,0.466,0.364,0.938
2007,1207,96,1314,84,0.546,0.576,0.571,0.667,0.396,0.352,0.25,0.853
2007,1196,76,1417,66,0.471,0.533,0.409,0.613,0.356,0.391,0.217,0.846
2007,1326,67,1207,60,0.422,0.439,0.286,0.684,0.397,0.49,0.333,0.375
2007,1196,84,1326,75,0.512,0.491,0.556,0.88,0.397,0.469,0.174,0.647
2008,1291,69,1164,60,0.387,0.345,0.25,0.813,0.376,0.439,0.235,0.462
2008,1181,71,1125,70,0.402,0.431,0.286,0.714,0.395,0.441,0.348,0.667
2008,1242,85,1340,61,0.459,0.541,0.48,0.467,0.354,0.382,0.36,0.714
2008,1243,80,1425,67,0.457,0.483,0.438,0.577,0.453,0.42,0.5,0.704
2008,1266,74,1246,66,0.476,0.442,0.385,0.793,0.437,0.479,0.4,0.706
2008,1277,72,1396,61,0.468,0.481,0.267,0.889,0.349,0.375,0.261,0.684
2008,1323,68,1206,50,0.410,0.456,0.429,0.636,0.312,0.333,0.176,0.643
2008,1338,82,1331,63,0.424,0.464,0.364,0.769,0.344,0.349,0.409,0.667
2008,1345,90,1124,79,0.474,0.493,0.45,0.833,0.373,0.406,0.286,0.75
2008,1390,77,1165,53,0.491,0.554,0.444,0.7,0.292,0.305,0.308,0.692
2008,1401,67,1140,62,0.482,0.543,0.5,0.529,0.377,0.444,0.318,0.5
2008,1417,70,1290,29,0.428,0.474,0.4,0.727,0.175,0.197,0.071,0.333
2008,1424,71,1245,58,0.450,0.509,0.333,0.778,0.351,0.356,0.294,0.733
2008,1450,71,1457,40,0.524,0.592,0.308,0.692,0.268,0.308,0.316,0.25
2008,1452,75,1112,65,0.481,0.509,0.579,0.889,0.463,0.457,0.4,0.81
2008,1458,71,1168,56,0.413,0.424,0.188,0.72,0.331,0.362,0.333,0.538
2008,1462,73,1208,61,0.459,0.426,0.333,0.818,0.406,0.473,0.333,0.6
2008,1116,86,1231,72,0.541,0.542,0.471,0.788,0.386,0.438,0.417,0.5
2008,1139,81,1375,61,0.467,0.509,0.536,0.923,0.382,0.438,0.3,0.481
2008,1172,82,1211,76,0.465,0.491,0.5,0.714,0.431,0.509,0.444,0.571
2008,1207,66,1420,47,0.412,0.51,0.348,0.429,0.288,0.32,0.308,0.538
2008,1257,79,1129,61,0.471,0.558,0.5,0.5,0.400,0.481,0.235,0.417
2008,1272,87,1426,63,0.487,0.519,0.45,0.629,0.408,0.436,0.308,0.524
2008,1274,78,1388,64,0.458,0.444,0.385,0.81,0.347,0.373,0.348,0.522
2008,1280,76,1332,69,0.453,0.471,0.235,0.667,0.313,0.344,0.237,0.842
2008,1314,113,1291,74,0.577,0.606,0.438,0.8,0.397,0.431,0.318,0.786
2008,1328,72,1386,64,0.534,0.571,0.429,0.692,0.463,0.49,0.429,0.714
2008,1360,70,1163,69,0.437,0.477,0.333,0.571,0.474,0.431,0.5,0.8
2008,1373,83,1435,62,0.539,0.565,0.45,0.88,0.359,0.41,0.2,0.667
2008,1397,72,1110,57,0.464,0.489,0.316,0.71,0.323,0.362,0.36,0.5
2008,1400,74,1122,54,0.436,0.491,0.455,0.556,0.296,0.288,0.261,0.667
2008,1437,75,1155,69,0.538,0.5,0.538,0.828,0.335,0.383,0.273,0.609
2008,1443,101,1179,99,0.484,0.544,0.5,0.684,0.388,0.377,0.381,0.816
2008,1242,75,1424,56,0.526,0.58,0.385,0.632,0.342,0.267,0.227,0.794
2008,1277,65,1338,54,0.493,0.481,0.6,1,0.349,0.327,0.118,0.947
2008,1390,82,1266,81,0.475,0.467,0.5,0.679,0.374,0.425,0.333,0.75
2008,1417,51,1401,49,0.382,0.432,0.333,0.636,0.382,0.431,0.2,0.429
2008,1450,61,1323,41,0.395,0.444,0.235,0.643,0.271,0.245,0.176,0.923
2008,1452,73,1181,67,0.441,0.403,0.364,0.864,0.389,0.38,0.227,0.75
2008,1458,72,1243,55,0.458,0.522,0.409,0.625,0.377,0.396,0,0.813
2008,1462,85,1345,78,0.555,0.54,0.417,0.788,0.397,0.388,0.381,0.783
2008,1172,74,1207,70,0.377,0.386,0.214,0.8,0.526,0.634,0.556,0.471
2008,1257,78,1328,48,0.503,0.593,0.529,0.333,0.327,0.319,0.278,0.684
2008,1272,77,1280,74,0.414,0.444,0.375,0.469,0.421,0.433,0.421,0.7
2008,1314,108,1116,77,0.610,0.677,0.5,0.706,0.442,0.475,0.278,0.696
2008,1397,76,1139,71,0.419,0.441,0.263,0.655,0.357,0.361,0.346,0.643
2008,1400,75,1274,72,0.407,0.439,0.5,0.571,0.415,0.4,0.409,0.864
2008,1437,84,1373,72,0.528,0.536,0.462,0.75,0.382,0.357,0.286,0.667
2008,1443,72,1360,63,0.466,0.481,0.375,0.762,0.424,0.447,0.267,0.607
2008,1257,79,1397,60,0.512,0.52,0.286,0.767,0.345,0.339,0.25,0.68
2008,1314,68,1450,47,0.418,0.431,0.333,0.684,0.295,0.316,0.125,0.6
2008,1417,88,1443,78,0.534,0.5,0.444,0.743,0.363,0.347,0.375,0.731
2008,1462,79,1452,75,0.453,0.475,0.579,0.571,0.422,0.424,0.091,0.667
2008,1172,73,1458,56,0.444,0.491,0.5,0.75,0.358,0.37,0.348,0.667
2008,1242,72,1437,57,0.495,0.533,0.421,0.8,0.340,0.356,0.176,0.667
2008,1272,92,1277,74,0.526,0.525,0.308,0.743,0.438,0.492,0.278,0.647
2008,1400,82,1390,62,0.432,0.492,0.318,0.611,0.345,0.338,0.353,0.667
2008,1314,83,1257,73,0.530,0.534,0.273,0.857,0.450,0.527,0.316,0.563
2008,1417,76,1462,57,0.507,0.538,0.467,0.722,0.339,0.362,0.211,0.688
2008,1242,59,1172,57,0.409,0.442,0.357,0.571,0.319,0.386,0.296,0.417
2008,1272,85,1400,67,0.539,0.5,0.273,0.833,0.332,0.362,0.321,0.889
2008,1242,84,1314,66,0.493,0.531,0.333,0.786,0.338,0.358,0.208,0.867
2008,1272,78,1417,63,0.453,0.422,0.333,0.87,0.381,0.375,0.308,0.846
2008,1242,75,1272,68,0.510,0.527,0.25,0.933,0.368,0.403,0.273,0.632
2009,1287,58,1106,43,0.384,0.36,0.267,0.75,0.276,0.31,0.133,0.455
2009,1163,103,1151,47,0.459,0.521,0.25,0.59,0.246,0.258,0.2,0.8
2009,1181,86,1127,62,0.489,0.491,0.45,0.84,0.455,0.529,0.467,0.2
2009,1211,77,1103,64,0.530,0.523,0.333,0.839,0.364,0.368,0.435,0.667
2009,1261,75,1139,71,0.479,0.491,0.429,0.714,0.411,0.423,0.348,0.731
2009,1268,84,1143,71,0.469,0.492,0.375,0.667,0.389,0.424,0.292,0.737
2009,1272,81,1169,70,0.421,0.492,0.393,0.571,0.433,0.444,0.389,0.75
2009,1276,62,1155,59,0.371,0.392,0.385,0.8,0.317,0.323,0.227,0.857
2009,1314,101,1347,58,0.465,0.452,0.357,0.833,0.281,0.275,0.294,0.643
2009,1328,82,1288,54,0.553,0.604,0.333,0.625,0.261,0.286,0.261,0.5
2009,1345,61,1320,56,0.398,0.404,0.2,0.727,0.346,0.37,0.318,0.818
2009,1400,76,1278,62,0.445,0.474,0.55,0.579,0.411,0.407,0.308,0.737
2009,1401,79,1140,66,0.511,0.577,0.353,0.684,0.398,0.39,0.438,0.722
2009,1417,65,1433,64,0.449,0.404,0.5,0.895,0.427,0.408,0.4,0.72
2009,1437,80,1110,67,0.495,0.48,0.333,0.897,0.352,0.435,0.323,0.6
2009,1443,76,1228,72,0.449,0.482,0.474,0.591,0.428,0.492,0.278,0.714
2009,1449,71,1280,58,0.442,0.435,0.222,0.714,0.344,0.345,0.278,0.684
2009,1112,84,1428,71,0.530,0.545,0.333,0.714,0.349,0.422,0.25,0.692
2009,1113,66,1396,57,0.519,0.513,0.571,0.75,0.378,0.373,0.353,0.765
2009,1156,84,1448,69,0.468,0.477,0.4,0.727,0.490,0.52,0.385,0.706
2009,1173,68,1452,60,0.459,0.463,0.4,0.609,0.375,0.367,0.25,0.76
2009,1242,84,1295,74,0.495,0.5,0.333,0.8,0.400,0.419,0.417,0.8
2009,1257,74,1287,54,0.469,0.58,0.417,0.545,0.390,0.385,0.364,0.714
2009,1266,58,1429,57,0.381,0.362,0.263,0.826,0.358,0.415,0.304,0.75
2009,1277,77,1352,62,0.458,0.459,0.308,0.739,0.370,0.41,0.294,0.538
2009,1281,78,1165,59,0.446,0.475,0.25,0.895,0.327,0.359,0.286,0.583
2009,1329,77,1397,75,0.483,0.566,0.333,0.769,0.382,0.429,0.333,0.762
2009,1338,72,1190,62,0.428,0.436,0.368,0.739,0.288,0.307,0.182,0.5
2009,1373,74,1326,72,0.342,0.333,0.25,0.714,0.378,0.4,0.28,0.739
2009,1393,59,1372,44,0.391,0.455,0.125,0.7,0.224,0.247,0.095,0.6
2009,1425,72,1130,55,0.527,0.529,0.444,0.737,0.327,0.327,0.261,0.929
2009,1458,61,1199,59,0.354,0.407,0.333,0.667,0.441,0.435,0.308,0.833
2009,1462,77,1340,59,0.476,0.537,0.421,0.611,0.398,0.478,0.381,0.438
2009,1163,92,1401,66,0.583,0.579,0.5,0.778,0.386,0.413,0.2,0.647
2009,1181,74,1400,69,0.469,0.434,0.5,0.778,0.473,0.5,0.25,0.64
2009,1211,83,1443,81,0.464,0.5,0.429,0.737,0.435,0.516,0.48,0.357
2009,1272,89,1268,70,0.545,0.585,0.526,0.773,0.415,0.435,0.357,0.579
2009,1314,84,1261,70,0.526,0.542,0.462,0.778,0.395,0.453,0.409,0.5
2009,1328,73,1276,63,0.446,0.49,0.316,0.63,0.359,0.393,0.37,0.818
2009,1345,76,1449,74,0.422,0.391,0.438,0.826,0.424,0.418,0.333,0.737
2009,1437,89,1417,69,0.428,0.463,0.32,0.704,0.410,0.426,0.375,0.667
2009,1112,71,1156,57,0.527,0.5,0.273,0.857,0.323,0.373,0.13,0.714
2009,1242,60,1173,43,0.381,0.434,0.188,0.5,0.227,0.222,0.211,0.875
2009,1257,79,1373,72,0.435,0.492,0.45,0.462,0.370,0.42,0.292,0.7
2009,1277,74,1425,69,0.477,0.431,0.462,0.774,0.440,0.404,0.1,0.846
2009,1281,83,1266,79,0.438,0.484,0.318,0.7,0.446,0.383,0.357,0.848
2009,1338,84,1329,76,0.436,0.491,0.393,0.654,0.435,0.481,0.429,1
2009,1393,78,1113,67,0.512,0.553,0.45,0.81,0.358,0.408,0.371,0.636
2009,1462,60,1458,49,0.420,0.391,0.429,0.692,0.293,0.286,0.15,0.824
2009,1163,72,1345,60,0.466,0.446,0.375,0.633,0.320,0.364,0.261,0.545
2009,1281,102,1272,91,0.521,0.532,0.375,0.667,0.464,0.507,0.2,0.563
2009,1338,60,1462,55,0.340,0.338,0.267,0.632,0.301,0.328,0.217,0.8
2009,1437,77,1181,54,0.418,0.422,0.222,0.826,0.277,0.267,0.185,0.708
2009,1257,103,1112,64,0.509,0.576,0.483,0.929,0.345,0.381,0.292,0.692
2009,1277,67,1242,62,0.411,0.39,0.333,0.941,0.438,0.453,0.25,0.846
2009,1314,98,1211,77,0.496,0.529,0.579,0.556,0.423,0.466,0.304,0.696
2009,1328,84,1393,71,0.478,0.542,0.429,0.611,0.394,0.45,0.292,0.714
2009,1163,82,1281,75,0.518,0.509,0.167,0.813,0.378,0.421,0.278,0.5
2009,1437,78,1338,76,0.453,0.446,0.3,0.957,0.459,0.481,0.278,0.724
2009,1277,64,1257,52,0.439,0.462,0.5,0.727,0.367,0.383,0.375,0.556
2009,1314,72,1328,60,0.500,0.51,0.357,0.938,0.375,0.444,0.105,0.625
2009,1277,82,1163,73,0.411,0.431,0.316,0.7,0.459,0.424,0.333,0.636
2009,1314,83,1437,69,0.414,0.403,0.5,0.595,0.305,0.329,0.185,0.75
2009,1314,89,1277,72,0.491,0.459,0.417,0.7,0.397,0.4,0.304,0.724
2010,1115,61,1457,44,0.422,0.386,0.375,0.75,0.262,0.291,0.095,0.556
2010,1124,68,1358,59,0.393,0.441,0.25,0.647,0.282,0.338,0.194,0.538
2010,1139,77,1431,59,0.413,0.46,0.419,0.643,0.374,0.421,0.222,0.778
2010,1140,99,1196,92,0.485,0.492,0.435,0.781,0.389,0.436,0.313,0.737
2010,1242,90,1250,74,0.477,0.551,0.429,0.5,0.410,0.403,0.368,0.81
2010,1243,82,1317,62,0.467,0.508,0.389,0.65,0.354,0.309,0.263,0.742
2010,1246,100,1190,71,0.463,0.517,0.455,0.676,0.365,0.359,0.235,0.568
2010,1293,66,1435,65,0.400,0.417,0.467,0.529,0.435,0.44,0.333,0.586
2010,1307,62,1285,57,0.373,0.415,0.25,0.565,0.355,0.407,0.286,0.583
2010,1320,69,1424,66,0.465,0.444,0.474,0.87,0.387,0.431,0.409,0.583
2010,1325,97,1207,83,0.542,0.582,0.565,0.769,0.454,0.508,0.364,0.684
2010,1330,51,1323,50,0.385,0.417,0.231,0.667,0.290,0.356,0.231,0.667
2010,1388,80,1350,71,0.474,0.491,0.421,0.714,0.445,0.472,0.476,0.846
2010,1397,62,1361,59,0.403,0.385,0.471,0.778,0.372,0.385,0.167,0.762
2010,1437,73,1352,70,0.403,0.353,0.273,0.775,0.405,0.4,0.25,0.808
2010,1448,81,1400,80,0.411,0.429,0.333,0.625,0.372,0.377,0.333,0.606
2010,1449,80,1266,78,0.526,0.545,0.643,0.688,0.509,0.529,0.632,0.8
2010,1143,77,1257,62,0.509,0.51,0.533,0.773,0.374,0.433,0.263,0.556
2010,1165,78,1396,65,0.491,0.563,0.391,0.789,0.445,0.519,0.294,0.667
2010,1181,73,1115,44,0.505,0.511,0.462,0.679,0.293,0.321,0.211,0.857
2010,1210,64,1329,59,0.492,0.432,0.2,0.96,0.411,0.5,0.273,0.692
2010,1211,67,1199,60,0.514,0.5,0.3,0.733,0.342,0.356,0.3,0.6
2010,1268,89,1222,77,0.464,0.471,0.235,0.84,0.409,0.417,0.35,0.625
2010,1277,70,1308,67,0.405,0.377,0.368,0.697,0.382,0.404,0.381,0.591
2010,1281,86,1155,78,0.490,0.517,0.294,0.724,0.419,0.444,0.5,0.714
2010,1326,68,1364,51,0.415,0.404,0.455,0.889,0.303,0.323,0.316,0.714
2010,1338,89,1324,66,0.531,0.536,0.333,0.694,0.358,0.333,0.19,0.75
2010,1345,72,1373,64,0.427,0.458,0.294,0.684,0.356,0.329,0.25,0.833
2010,1393,79,1436,56,0.483,0.545,0.455,0.818,0.303,0.348,0.227,0.5
2010,1401,69,1429,53,0.459,0.49,0.444,0.786,0.316,0.387,0.25,0
2010,1452,77,1288,50,0.444,0.414,0.267,0.806,0.282,0.295,0.158,0.55
2010,1458,53,1459,49,0.371,0.37,0.111,0.632,0.403,0.417,0.429,0.462
2010,1462,65,1278,54,0.341,0.343,0.35,0.632,0.287,0.306,0.269,0.643
2010,1124,76,1330,68,0.466,0.519,0.4,0.706,0.449,0.434,0.462,0.727
2010,1139,54,1293,52,0.345,0.36,0.35,0.579,0.411,0.432,0.643,0.417
2010,1243,84,1140,72,0.437,0.411,0.407,0.9,0.443,0.396,0.313,0.893
2010,1246,90,1448,60,0.492,0.603,0.333,0.412,0.332,0.328,0.133,0.615
2010,1320,69,1242,67,0.386,0.4,0.346,0.842,0.394,0.444,0.261,0.722
2010,1388,75,1437,68,0.478,0.5,0.368,0.769,0.366,0.362,0.368,1
2010,1397,83,1325,68,0.507,0.567,0.357,0.556,0.356,0.379,0.385,0.538
2010,1449,82,1307,64,0.447,0.485,0.471,0.5,0.354,0.394,0.294,0.412
2010,1165,87,1458,69,0.572,0.611,0.533,0.813,0.423,0.49,0.32,0.765
2010,1181,68,1143,53,0.417,0.474,0.176,0.647,0.395,0.396,0.25,0.75
2010,1277,85,1268,83,0.517,0.552,0.556,0.786,0.442,0.439,0.474,0.8
2010,1326,75,1210,66,0.457,0.49,0.381,0.739,0.382,0.414,0.2,0.737
2010,1345,63,1401,61,0.381,0.413,0.353,0.833,0.341,0.354,0.294,0.588
2010,1393,87,1211,65,0.494,0.547,0.48,0.739,0.362,0.417,0.143,0.6
2010,1452,68,1281,59,0.444,0.404,0.333,0.758,0.325,0.328,0.333,0.6
2010,1462,71,1338,68,0.466,0.48,0.5,0.652,0.366,0.391,0.333,0.611
2010,1139,63,1393,59,0.370,0.404,0.25,0.714,0.403,0.438,0.368,0.714
2010,1243,101,1462,96,0.460,0.474,0.421,0.655,0.426,0.431,0.429,0.759
2010,1246,62,1165,45,0.400,0.44,0.125,0.615,0.301,0.333,0.238,0.615
2010,1452,69,1449,56,0.394,0.4,0.267,0.765,0.383,0.393,0.273,0.643
2010,1124,72,1388,49,0.437,0.459,0.471,0.8,0.308,0.352,0.273,0.625
2010,1181,70,1345,57,0.434,0.4,0.4,0.833,0.364,0.37,0.267,0.619
2010,1277,59,1320,52,0.413,0.432,0.368,0.737,0.376,0.386,0.25,0.667
2010,1397,76,1326,73,0.444,0.469,0.267,0.8,0.408,0.431,0.391,0.737
2010,1139,63,1243,56,0.451,0.457,0.467,0.7,0.358,0.386,0.333,0.5
2010,1452,73,1246,66,0.406,0.385,0.435,0.676,0.295,0.343,0.125,0.552
2010,1181,78,1124,71,0.403,0.361,0.478,0.793,0.416,0.458,0.278,0.632
2010,1277,70,1397,69,0.442,0.462,0.333,0.762,0.478,0.511,0.438,0.667
2010,1139,52,1277,50,0.323,0.306,0.238,0.708,0.410,0.429,0.364,0.556
2010,1181,78,1452,57,0.465,0.527,0.52,0.778,0.429,0.413,0.417,0.737
2010,1181,61,1139,59,0.401,0.442,0.294,0.625,0.352,0.345,0.333,0.722
2011,1155,70,1412,52,0.500,0.52,0.308,0.875,0.346,0.375,0.5,0.571
2011,1421,81,1114,77,0.517,0.5,0.333,0.821,0.399,0.429,0.31,0.769
2011,1427,70,1106,61,0.421,0.426,0.25,0.667,0.327,0.355,0.269,0.833
2011,1433,59,1425,46,0.329,0.339,0.375,0.667,0.397,0.395,0.111,0.6
2011,1139,60,1330,58,0.354,0.407,0.269,0.818,0.403,0.356,0.333,0.778
2011,1140,74,1459,66,0.395,0.393,0.273,0.833,0.386,0.393,0.211,0.75
2011,1153,78,1281,63,0.522,0.537,0.364,0.727,0.359,0.381,0.316,0.692
2011,1163,81,1137,52,0.431,0.485,0.375,0.889,0.331,0.314,0.333,0.867
2011,1196,79,1364,51,0.473,0.547,0.348,0.765,0.345,0.362,0.263,0.667
2011,1211,86,1385,71,0.548,0.538,0.6,0.808,0.446,0.466,0.467,0.667
2011,1243,73,1429,68,0.438,0.407,0.294,0.857,0.440,0.46,0.333,0.762
2011,1246,59,1343,57,0.469,0.511,0.455,0.545,0.413,0.462,0.214,0.857
2011,1287,62,1257,61,0.369,0.368,0.474,0.611,0.381,0.458,0.4,0.438
2011,1338,74,1421,51,0.416,0.424,0.421,0.64,0.310,0.309,0.158,0.737
2011,1350,69,1435,66,0.405,0.464,0.5,0.417,0.477,0.5,0.462,0.609
2011,1361,68,1294,50,0.372,0.409,0.409,0.625,0.307,0.339,0.364,0.5
2011,1396,66,1336,64,0.448,0.49,0.278,0.867,0.423,0.481,0.421,0.667
2011,1417,78,1277,76,0.489,0.458,0.364,0.638,0.395,0.403,0.4,0.762
2011,1452,84,1155,76,0.514,0.491,0.385,0.806,0.420,0.431,0.238,0.808
2011,1458,72,1125,58,0.493,0.5,0.545,0.8,0.359,0.367,0.273,0.727
2011,1112,77,1272,75,0.466,0.46,0.263,0.839,0.477,0.491,0.4,0.708
2011,1181,87,1214,45,0.506,0.533,0.474,0.875,0.312,0.345,0.286,0.429
2011,1199,57,1401,50,0.427,0.465,0.267,0.65,0.296,0.314,0.36,0.474
2011,1206,61,1437,57,0.398,0.404,0.286,0.625,0.350,0.365,0.318,0.706
2011,1228,73,1424,62,0.552,0.596,0.538,0.714,0.359,0.389,0.292,0.684
2011,1242,72,1131,53,0.447,0.509,0.45,0.625,0.326,0.353,0.36,0.667
2011,1266,66,1462,55,0.505,0.533,0.417,0.684,0.390,0.412,0.154,0.733
2011,1276,75,1397,45,0.415,0.516,0.346,0,0.331,0.349,0.167,0.75
2011,1314,102,1254,87,0.498,0.507,0.176,0.738,0.343,0.365,0.258,0.68
2011,1323,69,1103,56,0.457,0.447,0.412,0.769,0.319,0.359,0.333,0.5
2011,1326,75,1427,46,0.472,0.558,0.5,0.625,0.315,0.34,0.235,0.857
2011,1345,65,1389,43,0.425,0.426,0.333,0.824,0.263,0.293,0.238,0.667
2011,1393,77,1232,60,0.523,0.523,0.438,0.774,0.365,0.4,0.333,0.643
2011,1400,85,1324,81,0.509,0.476,0.444,0.808,0.372,0.44,0.241,0.727
2011,1433,74,1207,56,0.429,0.409,0.48,0.667,0.334,0.385,0.192,0.846
2011,1449,68,1208,65,0.404,0.433,0.222,0.857,0.462,0.46,0.417,0.737
2011,1139,71,1338,70,0.417,0.462,0.444,0.786,0.539,0.565,0.545,0.667
2011,1140,89,1211,67,0.475,0.525,0.5,0.867,0.445,0.421,0.222,0.81
2011,1163,69,1153,58,0.471,0.432,0.375,0.833,0.386,0.4,0.286,0.714
2011,1196,73,1417,65,0.484,0.5,0.429,0.765,0.411,0.418,0.231,0.64
2011,1246,71,1452,63,0.452,0.48,0.333,0.708,0.399,0.415,0.368,0.75
2011,1350,65,1287,48,0.424,0.473,0.25,0.692,0.350,0.375,0.143,0.667
2011,1361,71,1396,64,0.444,0.431,0.545,1,0.377,0.379,0.429,0.727
2011,1458,70,1243,65,0.437,0.42,0.45,0.826,0.466,0.458,0.5,0.682
2011,1112,70,1400,69,0.451,0.444,0.571,0.636,0.468,0.453,0.273,0.818
2011,1181,73,1276,71,0.456,0.51,0.25,0.72,0.450,0.509,0.333,0.909
2011,1199,71,1323,57,0.455,0.458,0.474,0.72,0.284,0.306,0.233,0.632
2011,1242,73,1228,59,0.501,0.519,0.333,0.75,0.347,0.383,0.286,0.778
2011,1266,66,1393,62,0.458,0.412,0.455,0.826,0.476,0.553,0.333,0.714
2011,1314,86,1449,83,0.488,0.47,0.5,0.783,0.441,0.458,0.526,1
2011,1326,98,1206,66,0.527,0.61,0.615,0.556,0.407,0.433,0.444,0.857
2011,1433,94,1345,76,0.510,0.569,0.381,0.857,0.392,0.448,0.32,0.727
2011,1112,93,1181,77,0.533,0.54,0.6,0.762,0.471,0.466,0.357,0.818
2011,1139,61,1458,54,0.410,0.422,0.278,0.692,0.289,0.304,0.241,0.684
2011,1163,74,1361,67,0.462,0.474,0.5,0.75,0.365,0.422,0.318,0.462
2011,1196,83,1140,74,0.382,0.477,0.324,0.455,0.322,0.352,0.27,0.875
2011,1242,77,1350,57,0.446,0.476,0.474,0.8,0.296,0.338,0.154,0.75
2011,1246,62,1326,60,0.436,0.458,0.353,0.857,0.359,0.328,0.375,0.727
2011,1314,81,1266,63,0.408,0.419,0.313,0.667,0.359,0.365,0.125,0.75
2011,1433,72,1199,71,0.410,0.453,0.462,0.6,0.363,0.366,0.368,0.667
2011,1139,74,1196,71,0.353,0.4,0.273,0.63,0.440,0.439,0.214,0.818
2011,1163,65,1112,63,0.402,0.411,0.294,0.778,0.354,0.393,0.19,0.688
2011,1246,76,1314,69,0.447,0.482,0.545,0.625,0.408,0.435,0.188,0.8
2011,1433,71,1242,61,0.405,0.396,0.48,0.773,0.320,0.355,0.095,0.536
2011,1139,70,1433,62,0.375,0.356,0.348,0.769,0.362,0.397,0.364,0.615
2011,1163,56,1246,55,0.425,0.469,0.083,0.818,0.292,0.339,0.333,0.333
2011,1163,53,1139,41,0.363,0.345,0.091,0.875,0.199,0.188,0.273,0.571
2012,1140,78,1233,72,0.430,0.484,0.35,0.55,0.365,0.443,0.24,0.5
2012,1443,59,1290,58,0.319,0.306,0.125,0.576,0.313,0.361,0.182,0.455
2012,1378,65,1143,54,0.481,0.571,0.333,0.5,0.345,0.362,0.214,0.643
2012,1436,71,1249,59,0.496,0.5,0.364,0.708,0.359,0.333,0.308,0.714
2012,1124,68,1355,60,0.421,0.442,0.4,0.7,0.348,0.42,0.333,0.571
2012,1160,68,1424,64,0.473,0.458,0.583,0.63,0.280,0.324,0.25,0.529
2012,1211,77,1452,54,0.520,0.56,0.529,0.75,0.345,0.327,0.176,0.679
2012,1231,79,1308,66,0.553,0.593,0.538,0.8,0.505,0.551,0.333,0.8
2012,1235,77,1163,64,0.489,0.481,0.375,0.95,0.378,0.375,0.368,0.682
2012,1243,70,1379,64,0.508,0.5,0.167,0.765,0.354,0.367,0.348,0.706
2012,1246,81,1443,66,0.540,0.556,0.3,0.72,0.388,0.397,0.4,0.625
2012,1257,69,1172,62,0.474,0.404,0.2,0.722,0.348,0.35,0.211,0.696
2012,1266,88,1140,68,0.452,0.455,0.45,0.731,0.379,0.377,0.368,0.682
2012,1293,58,1161,41,0.365,0.392,0.294,0.5,0.311,0.333,0.214,0.667
2012,1307,75,1253,68,0.460,0.5,0.333,0.75,0.390,0.431,0.25,0.571
2012,1326,78,1259,59,0.467,0.448,0.357,0.808,0.380,0.352,0.286,0.773
2012,1393,72,1421,65,0.402,0.446,0.217,0.708,0.411,0.429,0.391,0.875
2012,1433,62,1455,59,0.361,0.424,0.261,0.667,0.358,0.387,0.313,0.6
2012,1435,79,1217,70,0.512,0.543,0.444,0.7,0.406,0.446,0.375,0.786
2012,1458,73,1285,49,0.484,0.479,0.526,0.895,0.391,0.383,0.333,0.667
2012,1153,65,1400,59,0.396,0.458,0.188,0.5,0.355,0.351,0.35,0.857
2012,1166,58,1104,57,0.378,0.44,0.429,0.385,0.406,0.458,0.412,0.5
2012,1196,71,1438,45,0.425,0.528,0.174,0.647,0.324,0.383,0.167,0.6
2012,1199,66,1382,63,0.422,0.453,0.368,0.786,0.411,0.404,0.5,0.769
2012,1207,74,1125,59,0.555,0.612,0.417,0.692,0.344,0.389,0.37,0.636
2012,1242,65,1178,50,0.427,0.46,0.313,0.609,0.290,0.317,0.176,0.5
2012,1250,75,1181,70,0.435,0.423,0.333,0.676,0.372,0.414,0.231,0.696
2012,1277,89,1254,67,0.550,0.588,0.333,0.667,0.434,0.44,0.471,0.652
2012,1301,79,1361,65,0.554,0.585,0.333,0.667,0.360,0.377,0.348,0.786
2012,1313,86,1281,84,0.500,0.542,0.526,0.667,0.459,0.527,0.448,0.765
2012,1314,77,1436,58,0.412,0.415,0.278,0.75,0.343,0.397,0.167,0.625
2012,1325,65,1276,60,0.489,0.512,0.375,0.882,0.367,0.407,0.304,0.818
2012,1345,72,1388,69,0.445,0.456,0.313,0.833,0.364,0.422,0.16,0.846
2012,1378,58,1396,44,0.380,0.34,0.471,0.762,0.360,0.357,0.167,0.75
2012,1387,61,1272,54,0.456,0.457,0.385,0.778,0.353,0.389,0.133,0.588
2012,1462,67,1323,63,0.509,0.5,0.5,0.667,0.426,0.51,0.429,0.444
2012,1124,80,1160,63,0.435,0.438,0.55,0.722,0.426,0.451,0.333,0.667
2012,1231,63,1433,61,0.493,0.522,0.462,0.818,0.329,0.404,0.3,0.462
2012,1246,87,1235,71,0.508,0.554,0.5,0.682,0.378,0.41,0.136,0.72
2012,1257,59,1307,56,0.432,0.458,0.467,0.667,0.331,0.397,0.217,0.625
2012,1266,62,1293,53,0.391,0.382,0.267,0.762,0.296,0.313,0.19,0.9
2012,1326,73,1211,66,0.430,0.472,0.375,0.778,0.378,0.393,0.348,0.737
2012,1393,75,1243,59,0.562,0.511,0.667,0.793,0.319,0.313,0.235,0.684
2012,1458,60,1435,57,0.328,0.418,0.303,0.5,0.396,0.435,0.263,0.75
2012,1153,62,1199,56,0.413,0.38,0.333,0.826,0.380,0.38,0.353,0.8
2012,1196,84,1313,50,0.457,0.528,0.357,0.72,0.261,0.273,0.167,0.769
2012,1242,63,1345,60,0.328,0.339,0.25,0.652,0.393,0.4,0.444,0.632
2012,1277,65,1387,61,0.512,0.543,0.4,0.647,0.354,0.353,0.28,0.783
2012,1301,66,1207,63,0.399,0.37,0.467,0.613,0.377,0.412,0.32,0.765
2012,1314,87,1166,73,0.487,0.508,0.5,0.684,0.391,0.412,0.4,0.75
2012,1325,62,1378,56,0.431,0.395,0.5,0.76,0.404,0.435,0.133,0.737
2012,1462,70,1250,58,0.447,0.444,0.467,0.714,0.306,0.328,0.136,0.65
2012,1196,68,1266,58,0.367,0.407,0.259,0.867,0.309,0.308,0.286,0.667
2012,1257,57,1277,44,0.344,0.382,0.391,0.545,0.292,0.286,0.238,0.917
2012,1326,81,1153,66,0.477,0.482,0.471,0.704,0.400,0.464,0.391,0.625
2012,1393,64,1458,63,0.516,0.551,0.556,0.556,0.388,0.429,0.519,0.583
2012,1124,75,1462,70,0.480,0.509,0.333,0.857,0.429,0.429,0.2,0.792
2012,1242,60,1301,57,0.346,0.375,0.071,0.55,0.298,0.284,0.286,0.765
2012,1246,102,1231,90,0.565,0.484,0.5,0.946,0.476,0.522,0.278,0.765
2012,1314,73,1325,65,0.374,0.4,0.318,0.583,0.305,0.324,0.375,0.875
2012,1257,72,1196,68,0.436,0.45,0.375,0.8,0.448,0.5,0.4,0.667
2012,1326,77,1393,70,0.467,0.412,0.308,0.738,0.438,0.415,0.375,0.8
2012,1242,80,1314,67,0.457,0.46,0.286,0.75,0.388,0.438,0.118,0.75
2012,1246,82,1124,70,0.559,0.533,0.444,0.682,0.405,0.391,0.286,0.842
2012,1242,64,1326,62,0.437,0.446,0.273,0.786,0.354,0.339,0.364,0.933
2012,1246,69,1257,61,0.532,0.571,0.286,0.55,0.356,0.348,0.364,0.692
2012,1246,67,1242,59,0.423,0.411,0.429,0.714,0.371,0.355,0.455,0.667
2013,1299,73,1251,72,0.466,0.519,0.444,0.579,0.424,0.426,0.435,0.889
2013,1388,67,1292,54,0.472,0.457,0.571,0.68,0.403,0.423,0.333,0.857
2013,1241,68,1254,55,0.403,0.464,0.348,0.667,0.339,0.356,0.188,0.714
2013,1247,80,1129,71,0.531,0.633,0.524,0.583,0.450,0.491,0.389,0.667
2013,1112,81,1125,64,0.527,0.569,0.529,0.7,0.363,0.392,0.296,0.696
2013,1139,68,1137,56,0.403,0.364,0.176,0.893,0.343,0.371,0.313,0.625
2013,1143,64,1424,61,0.415,0.441,0.455,0.438,0.337,0.322,0.3,0.654
2013,1161,84,1281,72,0.528,0.49,0.5,0.818,0.407,0.421,0.304,0.895
2013,1211,64,1380,58,0.392,0.418,0.4,0.667,0.377,0.391,0.435,0.667
2013,1217,68,1307,62,0.494,0.524,0.444,0.8,0.385,0.375,0.214,0.708
2013,1257,79,1299,48,0.496,0.574,0.25,0.591,0.391,0.415,0.375,0.8
2013,1266,59,1172,58,0.363,0.345,0.267,0.789,0.399,0.413,0.353,0.636
2013,1272,54,1388,52,0.375,0.408,0.333,0.5,0.328,0.328,0.2,0.786
2013,1276,71,1355,56,0.450,0.509,0.45,0.667,0.376,0.442,0.211,0.75
2013,1277,65,1434,54,0.418,0.448,0.4,0.636,0.317,0.352,0.28,0.643
2013,1332,68,1329,55,0.377,0.39,0.364,0.667,0.364,0.404,0.294,0.533
2013,1387,64,1308,44,0.450,0.463,0.364,0.714,0.266,0.279,0.125,0.615
2013,1393,81,1285,34,0.528,0.519,0.455,0.71,0.188,0.204,0.129,0.667
2013,1433,88,1103,42,0.505,0.538,0.5,0.714,0.326,0.349,0.077,0.579
2013,1455,73,1338,55,0.419,0.388,0.1,0.805,0.345,0.352,0.059,0.8
2013,1166,67,1153,63,0.493,0.452,0.467,0.88,0.358,0.422,0.25,0.444
2013,1181,73,1107,61,0.551,0.587,0.364,0.714,0.412,0.365,0.6,0.875
2013,1195,78,1207,68,0.468,0.429,0.4,0.682,0.341,0.375,0.259,0.65
2013,1196,79,1322,47,0.429,0.475,0.333,0.609,0.332,0.36,0.188,0.727
2013,1228,57,1160,49,0.305,0.308,0.258,0.708,0.324,0.333,0.263,0.769
2013,1231,83,1241,62,0.476,0.527,0.391,0.762,0.370,0.419,0.4,0.5
2013,1235,76,1323,58,0.446,0.492,0.429,0.75,0.393,0.431,0.235,0.769
2013,1242,64,1443,57,0.523,0.476,0,0.8,0.303,0.318,0.15,0.667
2013,1247,63,1243,61,0.425,0.429,0.389,0.875,0.394,0.421,0.308,0.529
2013,1274,78,1334,49,0.469,0.462,0.545,0.857,0.289,0.333,0.346,0.364
2013,1278,83,1417,63,0.486,0.508,0.563,0.632,0.328,0.317,0.182,0.76
2013,1279,57,1458,46,0.361,0.386,0.2,0.625,0.243,0.254,0.233,0.692
2013,1314,78,1437,71,0.476,0.49,0.524,0.704,0.393,0.443,0.19,0.684
2013,1326,95,1233,70,0.490,0.479,0.467,0.8,0.342,0.354,0.214,0.857
2013,1361,70,1328,55,0.446,0.429,0.4,0.941,0.333,0.397,0.238,0.5
2013,1396,76,1301,72,0.460,0.48,0.389,0.636,0.500,0.558,0.308,0.625
2013,1112,74,1217,51,0.521,0.551,0.6,0.688,0.302,0.276,0.278,0.737
2013,1257,82,1161,56,0.570,0.564,0.556,0.833,0.457,0.475,0.417,0.619
2013,1266,74,1139,72,0.475,0.426,0.417,0.852,0.407,0.429,0.458,0.684
2013,1276,78,1433,53,0.460,0.517,0.3,0.909,0.346,0.397,0.188,0.667
2013,1277,70,1272,48,0.451,0.5,0.25,0.636,0.263,0.297,0.217,0.5
2013,1332,74,1387,57,0.521,0.528,0.727,0.625,0.341,0.377,0.143,0.636
2013,1393,66,1143,60,0.446,0.391,0.4,0.634,0.351,0.393,0.19,0.632
2013,1455,76,1211,70,0.442,0.5,0.5,0.667,0.369,0.356,0.348,0.69
2013,1181,66,1166,50,0.406,0.388,0.35,0.75,0.313,0.302,0.105,0.889
2013,1195,81,1361,71,0.492,0.559,0.389,0.667,0.396,0.443,0.348,0.692
2013,1196,78,1278,64,0.535,0.568,0.5,0.722,0.412,0.4,0.444,0.727
2013,1231,58,1396,52,0.434,0.422,0.308,0.8,0.290,0.339,0.125,0.875
2013,1242,70,1314,58,0.447,0.436,0.357,0.81,0.295,0.301,0.286,0.8
2013,1247,76,1279,74,0.442,0.491,0.391,0.722,0.406,0.476,0.211,0.476
2013,1274,63,1228,59,0.364,0.4,0.36,0.667,0.324,0.377,0.259,0.857
2013,1326,78,1235,75,0.497,0.51,0.5,0.731,0.430,0.442,0.48,0.739
2013,1266,71,1274,61,0.552,0.54,0.5,0.737,0.324,0.349,0.308,0.75
2013,1326,73,1112,70,0.477,0.423,0.538,0.846,0.444,0.442,0.333,0.9
2013,1393,61,1231,50,0.457,0.438,0.4,0.75,0.345,0.34,0.2,0.625
2013,1455,72,1247,58,0.434,0.448,0.417,0.778,0.358,0.357,0.389,0.688
2013,1181,71,1277,61,0.453,0.408,0.389,0.923,0.420,0.4,0.25,0.75
2013,1196,62,1195,50,0.377,0.386,0.267,0.609,0.418,0.455,0.364,0.545
2013,1257,77,1332,69,0.504,0.538,0.308,0.654,0.418,0.443,0.357,0.588
2013,1276,87,1242,85,0.429,0.493,0.348,0.529,0.492,0.545,0.375,0.7
2013,1393,55,1266,39,0.365,0.38,0.294,0.632,0.229,0.226,0.12,0.75
2013,1455,70,1326,66,0.393,0.373,0.4,0.783,0.334,0.311,0.2,0.793
2013,1257,85,1181,63,0.507,0.527,0.154,0.694,0.392,0.365,0.25,0.75
2013,1276,79,1196,59,0.440,0.462,0.526,0.692,0.401,0.411,0.2,0.647
2013,1257,72,1455,68,0.415,0.449,0.36,0.655,0.402,0.407,0.3,0.75
2013,1276,61,1393,56,0.355,0.396,0.333,0.55,0.379,0.418,0.214,0.636
2013,1257,82,1276,76,0.471,0.459,0.5,0.783,0.494,0.521,0.444,0.72
2014,1107,71,1291,64,0.552,0.574,0.222,0.789,0.313,0.367,0.324,0.667
2014,1301,74,1462,59,0.500,0.547,0.286,0.75,0.388,0.418,0.143,0.688
2014,1142,81,1411,69,0.535,0.569,0.4,0.773,0.475,0.48,0.308,0.773
2014,1397,78,1234,65,0.442,0.444,0.238,0.833,0.403,0.414,0.25,0.867
2014,1163,89,1386,81,0.450,0.455,0.458,0.9,0.466,0.5,0.333,0.741
2014,1173,60,1326,59,0.432,0.449,0.231,0.765,0.438,0.48,0.25,0.667
2014,1196,67,1107,55,0.486,0.51,0.25,0.778,0.392,0.392,0.308,0.786
2014,1217,61,1153,57,0.416,0.432,0.353,0.607,0.375,0.368,0.333,0.688
2014,1257,71,1264,64,0.426,0.364,0.308,0.771,0.490,0.451,0.6,0.714
2014,1276,57,1459,40,0.426,0.478,0.412,0.667,0.271,0.34,0.053,0.75
2014,1277,93,1174,78,0.541,0.536,0.526,0.92,0.423,0.364,0.4,0.769
2014,1295,80,1328,75,0.536,0.529,0.429,0.909,0.341,0.347,0.4,0.722
2014,1332,87,1140,68,0.520,0.5,0.154,0.816,0.365,0.328,0.263,0.767
2014,1338,77,1160,48,0.480,0.508,0.286,0.917,0.364,0.357,0.25,0.778
2014,1361,73,1308,69,0.415,0.39,0.353,0.778,0.384,0.4,0.313,0.6
2014,1387,83,1301,80,0.444,0.484,0.5,0.462,0.469,0.467,0.444,0.541
2014,1393,77,1444,53,0.473,0.491,0.412,0.824,0.350,0.347,0.222,0.75
2014,1400,87,1113,85,0.531,0.534,0.417,0.741,0.497,0.482,0.533,0.697
2014,1437,73,1454,53,0.397,0.452,0.174,0.813,0.283,0.286,0.25,0.733
2014,1458,75,1110,35,0.462,0.5,0.435,0.929,0.299,0.297,0.267,0.6
2014,1112,68,1451,59,0.500,0.553,0.5,0.563,0.368,0.302,0.412,0.87
2014,1124,74,1304,60,0.486,0.405,0.154,0.792,0.366,0.426,0.19,0.625
2014,1166,76,1418,66,0.441,0.519,0.391,0.524,0.369,0.379,0.25,0.706
2014,1211,85,1329,77,0.494,0.5,0.5,0.634,0.400,0.4,0.2,0.595
2014,1235,93,1300,75,0.588,0.636,0.529,0.875,0.435,0.462,0.313,0.833
2014,1242,80,1184,69,0.567,0.604,0,0.667,0.363,0.386,0.387,0.813
2014,1246,56,1243,49,0.377,0.38,0.267,0.667,0.309,0.358,0.238,0.5
2014,1272,71,1203,66,0.422,0.491,0.273,0.688,0.420,0.446,0.167,0.583
2014,1273,78,1181,71,0.555,0.556,0.385,0.821,0.339,0.355,0.405,0.923
2014,1314,79,1344,77,0.431,0.465,0.267,0.692,0.492,0.528,0.25,0.81
2014,1372,77,1433,75,0.499,0.529,0.375,0.739,0.413,0.462,0.381,0.636
2014,1390,58,1307,53,0.406,0.388,0.533,0.706,0.326,0.365,0.19,0.579
2014,1397,86,1269,67,0.514,0.536,0.143,0.774,0.409,0.424,0.273,0.727
2014,1417,76,1409,59,0.444,0.46,0.313,0.867,0.359,0.368,0.368,0.714
2014,1438,70,1157,59,0.515,0.525,0.471,0.8,0.392,0.42,0.474,0.571
2014,1455,64,1142,37,0.409,0.46,0.316,0.571,0.197,0.207,0.179,0.444
2014,1163,77,1437,65,0.457,0.442,0.45,0.786,0.351,0.353,0.355,0.75
2014,1173,55,1393,53,0.393,0.413,0.438,0.556,0.378,0.389,0,0.786
2014,1196,61,1338,45,0.372,0.431,0.25,0.667,0.319,0.373,0.235,0.5
2014,1257,66,1387,51,0.431,0.449,0.353,0.667,0.340,0.396,0,0.563
2014,1276,79,1400,65,0.433,0.444,0.5,0.81,0.406,0.371,0.364,0.938
2014,1277,80,1217,73,0.456,0.491,0.333,0.773,0.439,0.415,0.353,0.767
2014,1361,63,1295,44,0.446,0.432,0.438,0.75,0.336,0.319,0.182,0.706
2014,1458,85,1332,77,0.429,0.483,0.393,0.64,0.499,0.49,0.444,0.913
2014,1112,84,1211,61,0.462,0.492,0.389,0.722,0.403,0.407,0.375,0.846
2014,1124,85,1166,55,0.572,0.638,0.611,0.667,0.331,0.4,0.208,0.667
2014,1235,85,1314,83,0.420,0.439,0.462,0.714,0.430,0.471,0.4,0.6
2014,1246,78,1455,76,0.502,0.54,0.444,0.727,0.488,0.551,0.476,0.667
2014,1390,60,1242,57,0.445,0.447,0,0.692,0.348,0.328,0.313,0.778
2014,1397,83,1273,63,0.469,0.491,0.273,0.885,0.399,0.453,0.364,0.778
2014,1417,77,1372,60,0.499,0.547,0.286,0.652,0.330,0.351,0.259,0.813
2014,1438,78,1272,60,0.541,0.556,0.455,0.813,0.369,0.407,0.231,0.429
2014,1112,70,1361,64,0.493,0.479,0.417,0.76,0.410,0.389,0.286,0.783
2014,1173,82,1390,72,0.444,0.483,0.348,0.692,0.385,0.379,0.238,0.697
2014,1196,79,1417,68,0.454,0.5,0.381,0.722,0.384,0.422,0.167,0.733
2014,1458,69,1124,52,0.455,0.51,0.375,0.55,0.325,0.316,0.133,0.778
2014,1163,81,1235,76,0.515,0.52,0.474,0.909,0.415,0.464,0.375,0.4
2014,1246,74,1257,69,0.457,0.436,0.286,0.815,0.442,0.491,0.267,0.565
2014,1276,73,1397,71,0.497,0.551,0.55,0.8,0.479,0.526,0.273,0.571
2014,1277,61,1438,59,0.443,0.447,0.357,0.778,0.358,0.351,0.333,0.765
2014,1196,62,1173,52,0.412,0.375,0.333,0.75,0.374,0.396,0.444,0.75
2014,1458,64,1112,63,0.384,0.393,0.353,0.833,0.401,0.39,0.417,0.706
2014,1163,60,1277,54,0.372,0.347,0.227,0.955,0.344,0.391,0.379,0.875
2014,1246,75,1276,72,0.508,0.534,0.636,0.545,0.444,0.474,0.389,0.786
2014,1163,63,1196,53,0.519,0.558,0.417,0.769,0.391,0.388,0.1,0.7
2014,1246,74,1458,73,0.512,0.5,0.4,0.667,0.463,0.46,0.4,0.95
2014,1163,60,1246,54,0.393,0.415,0.316,1,0.372,0.391,0.313,0.542
2015,1214,74,1264,64,0.494,0.491,0.429,0.559,0.333,0.371,0.24,0.571
2015,1279,94,1140,90,0.415,0.45,0.304,0.652,0.455,0.483,0.517,0.704
2015,1173,56,1129,55,0.405,0.476,0.333,0.643,0.346,0.4,0.3,0.5
2015,1352,81,1316,77,0.438,0.452,0.25,0.636,0.451,0.481,0.409,0.692
2015,1112,93,1411,72,0.613,0.604,0.455,0.889,0.472,0.471,0.417,0.633
2015,1116,56,1459,53,0.444,0.458,0.375,0.563,0.301,0.316,0.292,0.625
2015,1139,56,1400,48,0.382,0.333,0.308,0.714,0.323,0.34,0.316,0.667
2015,1153,66,1345,65,0.411,0.41,0.4,0.571,0.311,0.361,0.154,0.6
2015,1207,84,1186,74,0.494,0.521,0.478,0.719,0.375,0.406,0.321,0.867
2015,1209,57,1124,56,0.376,0.407,0.313,0.615,0.413,0.442,0.368,0.846
2015,1246,79,1214,56,0.474,0.459,0.3,0.714,0.329,0.288,0.25,0.783
2015,1301,66,1261,65,0.355,0.424,0.208,0.714,0.384,0.4,0.333,0.545
2015,1314,67,1217,65,0.543,0.551,0.714,0.615,0.423,0.382,0.385,0.9
2015,1323,69,1318,65,0.566,0.574,0.333,0.722,0.462,0.491,0.273,0.8
2015,1326,75,1433,72,0.459,0.491,0.4,0.591,0.370,0.381,0.385,0.737
2015,1412,60,1235,59,0.327,0.348,0.167,0.818,0.324,0.369,0.261,0.714
2015,1417,60,1374,59,0.410,0.426,0.5,0.714,0.370,0.364,0.438,0.6
2015,1428,57,1372,50,0.473,0.474,0.385,0.762,0.302,0.333,0.192,0.846
2015,1437,93,1248,52,0.543,0.632,0.5,0.667,0.342,0.382,0.222,0.857
2015,1462,76,1279,57,0.431,0.464,0.435,0.667,0.279,0.329,0.222,0.6
2015,1173,66,1344,53,0.422,0.429,0.348,0.733,0.301,0.339,0.385,0.429
2015,1181,85,1352,56,0.524,0.63,0.476,0.5,0.323,0.364,0.316,0.5
2015,1211,86,1295,76,0.466,0.517,0.318,0.679,0.473,0.537,0.476,0.667
2015,1234,83,1172,52,0.464,0.507,0.375,0.7,0.273,0.333,0.214,0.4
2015,1242,75,1308,56,0.539,0.54,0.692,0.8,0.359,0.357,0.333,0.688
2015,1257,57,1414,55,0.392,0.418,0.333,1,0.411,0.462,0.357,1
2015,1268,65,1434,62,0.454,0.475,0.429,0.75,0.341,0.357,0.444,0.556
2015,1277,70,1208,63,0.420,0.456,0.389,0.579,0.382,0.333,0.286,0.808
2015,1320,71,1461,54,0.468,0.46,0.5,0.889,0.375,0.457,0.409,0.333
2015,1328,69,1107,60,0.392,0.439,0.292,0.75,0.332,0.377,0.32,0.6
2015,1332,79,1329,73,0.494,0.547,0.368,0.778,0.385,0.45,0.345,0.692
2015,1361,76,1385,64,0.431,0.472,0.409,0.567,0.396,0.458,0.176,0.636
2015,1438,79,1125,67,0.465,0.456,0.353,0.84,0.396,0.474,0.32,0.833
2015,1452,68,1138,62,0.442,0.449,0.313,0.704,0.437,0.455,0.375,0.64
2015,1455,81,1231,76,0.455,0.41,0.154,0.853,0.423,0.407,0.5,0.85
2015,1458,86,1157,72,0.461,0.541,0.407,0.75,0.481,0.483,0.583,0.818
2015,1112,73,1326,58,0.394,0.365,0.368,0.833,0.384,0.385,0.294,0.867
2015,1246,64,1153,51,0.394,0.37,0.267,0.714,0.307,0.317,0.143,0.643
2015,1301,71,1437,68,0.468,0.453,0.273,0.741,0.343,0.311,0.321,0.913
2015,1314,87,1116,78,0.504,0.45,0.4,0.784,0.383,0.369,0.32,0.815
2015,1323,67,1139,64,0.415,0.431,0.3,0.773,0.375,0.333,0.308,0.857
2015,1417,92,1412,75,0.590,0.603,0.556,0.68,0.389,0.439,0.462,0.5
2015,1428,75,1207,64,0.567,0.579,0.571,0.719,0.381,0.436,0.36,0.778
2015,1462,75,1209,67,0.647,0.676,0.538,0.88,0.510,0.565,0.429,0.692
2015,1181,68,1361,49,0.487,0.545,0.429,1,0.323,0.328,0.154,0.818
2015,1211,87,1234,68,0.563,0.615,0.625,0.619,0.428,0.467,0.333,0.7
2015,1257,66,1320,53,0.484,0.458,0.455,0.81,0.375,0.391,0.316,0.846
2015,1277,60,1438,54,0.451,0.425,0.5,0.606,0.316,0.298,0.118,0.692
2015,1328,72,1173,66,0.464,0.449,0.5,0.792,0.425,0.431,0.524,0.846
2015,1452,69,1268,59,0.395,0.4,0.368,0.737,0.429,0.477,0.421,0.692
2015,1455,78,1242,65,0.478,0.49,0.5,0.75,0.369,0.351,0.286,0.826
2015,1458,72,1332,65,0.415,0.431,0.304,0.724,0.401,0.441,0.421,0.714
2015,1112,68,1462,60,0.403,0.407,0.318,0.895,0.400,0.431,0.176,0.813
2015,1246,78,1452,39,0.493,0.48,0.267,0.813,0.252,0.241,0.133,0.579
2015,1323,81,1455,70,0.509,0.556,0.474,0.8,0.383,0.4,0.167,0.789
2015,1458,79,1314,72,0.453,0.464,0.333,0.87,0.468,0.464,0.615,0.667
2015,1181,63,1428,57,0.481,0.444,0.333,0.769,0.345,0.35,0.25,0.733
2015,1211,74,1417,62,0.385,0.403,0.158,0.739,0.365,0.388,0.231,0.636
2015,1257,75,1301,65,0.482,0.5,0.25,0.667,0.377,0.383,0.45,0.714
2015,1277,62,1328,58,0.341,0.386,0.333,0.563,0.367,0.364,0.235,0.875
2015,1246,68,1323,66,0.533,0.532,0.5,0.7,0.436,0.464,0.286,0.769
2015,1458,85,1112,78,0.555,0.556,0.667,0.742,0.627,0.558,0.333,0.933
2015,1181,66,1211,52,0.396,0.375,0.421,0.842,0.407,0.44,0.2,0.667
2015,1277,76,1257,70,0.414,0.433,0.391,0.75,0.399,0.359,0.364,0.69
2015,1181,81,1277,61,0.531,0.52,0.2,0.73,0.372,0.4,0.35,0.625
2015,1458,71,1246,64,0.475,0.479,0.412,0.818,0.505,0.481,0.6,0.9
2015,1181,68,1458,63,0.480,0.471,0.364,0.8,0.365,0.41,0.333,0.6
2016,1195,96,1192,65,0.505,0.596,0.348,0.588,0.322,0.329,0.348,0.611
2016,1455,70,1435,50,0.393,0.373,0.368,0.76,0.300,0.302,0.158,0.577
2016,1221,59,1380,55,0.402,0.45,0.36,0.737,0.340,0.393,0.15,0.727
2016,1276,67,1409,62,0.368,0.407,0.24,0.813,0.399,0.446,0.2,0.6
2016,1114,85,1345,83,0.365,0.39,0.333,0.571,0.406,0.419,0.321,0.786
2016,1139,71,1403,61,0.473,0.49,0.529,0.75,0.402,0.463,0.389,0.444
2016,1163,74,1160,67,0.435,0.397,0.353,0.957,0.451,0.451,0.2,0.633
2016,1181,93,1423,85,0.529,0.537,0.267,0.721,0.415,0.441,0.423,0.737
2016,1211,68,1371,52,0.413,0.429,0.353,0.667,0.282,0.323,0.19,0.381
2016,1231,99,1151,74,0.608,0.649,0.625,0.789,0.441,0.475,0.176,0.833
2016,1235,94,1233,81,0.485,0.5,0.455,0.8,0.422,0.484,0.292,0.667
2016,1242,105,1122,79,0.536,0.557,0.375,0.778,0.428,0.41,0.267,0.676
2016,1246,85,1392,57,0.509,0.524,0.308,0.882,0.294,0.263,0.231,0.778
2016,1274,79,1138,72,0.470,0.444,0.333,0.765,0.380,0.39,0.385,0.727
2016,1314,83,1195,67,0.405,0.425,0.333,0.737,0.421,0.431,0.182,0.625
2016,1344,70,1425,69,0.380,0.403,0.375,0.786,0.488,0.538,0.462,0.538
2016,1428,80,1201,69,0.515,0.54,0.389,0.864,0.452,0.491,0.389,0.833
2016,1438,81,1214,45,0.468,0.552,0.48,0.625,0.283,0.304,0.158,0.8
2016,1455,65,1112,55,0.372,0.407,0.15,0.737,0.379,0.417,0.333,0.6
2016,1463,79,1124,75,0.508,0.531,0.313,0.759,0.414,0.441,0.375,0.6
2016,1218,77,1143,66,0.500,0.519,0.214,0.8,0.382,0.411,0.158,0.654
2016,1234,72,1396,70,0.337,0.348,0.25,0.773,0.398,0.455,0.222,0.667
2016,1268,79,1355,74,0.494,0.511,0.391,0.889,0.388,0.407,0.345,0.941
2016,1292,90,1277,81,0.516,0.559,0.579,0.619,0.479,0.556,0.458,0.667
2016,1320,75,1400,72,0.487,0.488,0.4,0.781,0.414,0.446,0.391,0.722
2016,1323,70,1276,63,0.542,0.581,0.533,0.8,0.342,0.397,0.37,0.6
2016,1328,82,1167,68,0.471,0.5,0.55,0.6,0.414,0.448,0.278,0.786
2016,1332,91,1221,52,0.502,0.557,0.3,0.773,0.307,0.364,0.261,0.4
2016,1372,70,1452,56,0.368,0.309,0.304,0.744,0.351,0.308,0.188,0.778
2016,1386,78,1153,76,0.436,0.483,0.375,0.765,0.449,0.509,0.417,0.769
2016,1393,70,1173,51,0.411,0.396,0.364,0.87,0.295,0.321,0.273,0.474
2016,1401,92,1453,65,0.521,0.561,0.368,0.75,0.349,0.375,0.333,0.609
2016,1433,75,1333,67,0.440,0.482,0.2,0.81,0.401,0.417,0.412,0.667
2016,1437,86,1421,56,0.479,0.579,0.464,0.636,0.351,0.368,0.294,0.692
2016,1458,47,1338,43,0.299,0.321,0.211,0.6,0.346,0.375,0.273,0.571
2016,1462,71,1451,53,0.457,0.484,0.5,1,0.320,0.386,0.19,0.455
2016,1181,71,1463,64,0.444,0.46,0.478,0.875,0.341,0.385,0.174,0.769
2016,1211,82,1428,59,0.496,0.557,0.474,0.833,0.418,0.423,0.467,1
2016,1231,73,1246,67,0.439,0.481,0.286,0.739,0.412,0.421,0.25,0.789
2016,1235,78,1114,61,0.481,0.566,0.524,0.438,0.354,0.37,0.32,0.813
2016,1242,73,1163,61,0.470,0.49,0.353,0.773,0.343,0.339,0.455,0.818
2016,1274,65,1455,57,0.541,0.553,0.583,0.696,0.327,0.339,0.273,0.786
2016,1314,85,1344,66,0.517,0.525,0.286,0.905,0.366,0.404,0.261,0.609
2016,1438,77,1139,69,0.540,0.558,0.2,0.81,0.451,0.463,0.467,0.706
2016,1268,73,1218,60,0.458,0.458,0.056,0.903,0.314,0.329,0.211,0.667
2016,1323,76,1372,75,0.506,0.569,0.353,0.75,0.395,0.453,0.296,1
2016,1328,85,1433,81,0.438,0.483,0.308,0.76,0.389,0.455,0.355,0.625
2016,1332,69,1386,64,0.392,0.396,0.25,0.84,0.396,0.386,0.267,0.8
2016,1393,75,1292,50,0.477,0.551,0.4,0.591,0.273,0.297,0.333,0.5
2016,1401,92,1320,88,0.393,0.437,0.226,0.676,0.383,0.391,0.353,0.815
2016,1437,87,1234,68,0.541,0.593,0.526,0.765,0.379,0.45,0.292,0.538
2016,1458,66,1462,63,0.360,0.424,0.296,0.615,0.398,0.407,0.313,0.667
2016,1242,79,1268,63,0.492,0.468,0.333,0.857,0.355,0.4,0.2,0.7
2016,1328,77,1401,63,0.419,0.492,0.44,0.444,0.307,0.344,0.214,0.542
2016,1332,82,1181,68,0.429,0.492,0.435,0.471,0.388,0.441,0.318,0.6
2016,1437,92,1274,69,0.619,0.627,0.667,0.947,0.495,0.532,0.588,0.692
2016,1314,101,1231,86,0.523,0.516,0.55,0.788,0.416,0.41,0.419,0.885
2016,1323,61,1458,56,0.411,0.4,0.308,0.929,0.352,0.404,0.3,0.667
2016,1393,63,1211,60,0.379,0.361,0.333,0.875,0.384,0.436,0.381,0.8
2016,1438,84,1235,71,0.535,0.561,0.364,0.667,0.463,0.519,0.389,0.667
2016,1328,80,1332,68,0.447,0.466,0.5,0.824,0.385,0.389,0.19,0.733
2016,1437,64,1242,59,0.408,0.404,0.222,0.947,0.384,0.46,0.273,0.636
2016,1314,88,1323,74,0.582,0.615,0.308,0.833,0.506,0.551,0.5,0.786
2016,1393,68,1438,62,0.395,0.368,0.333,0.8,0.391,0.415,0.381,0.833
2016,1314,83,1393,66,0.478,0.538,0.235,0.818,0.341,0.409,0.32,0.308
2016,1437,95,1328,51,0.630,0.714,0.611,0.737,0.278,0.317,0.222,0.636
2016,1437,77,1314,74,0.554,0.583,0.571,0.765,0.432,0.429,0.647,0.692
2017,1243,95,1448,88,0.602,0.66,0.375,0.75,0.468,0.472,0.333,0.906
2017,1291,67,1309,66,0.467,0.532,0.526,0.538,0.483,0.537,0.111,0.583
2017,1413,67,1300,63,0.455,0.458,0.313,0.818,0.319,0.358,0.192,0.769
2017,1425,75,1344,71,0.427,0.421,0.368,0.741,0.452,0.49,0.45,0.706
2017,1112,100,1315,82,0.586,0.581,0.364,0.857,0.418,0.464,0.455,0.5
2017,1139,76,1457,64,0.468,0.49,0.421,0.667,0.350,0.403,0.36,0.5
2017,1196,80,1190,65,0.455,0.481,0.318,0.778,0.360,0.403,0.375,0.6
2017,1199,86,1195,80,0.511,0.556,0.154,0.615,0.375,0.414,0.286,0.7
2017,1211,66,1355,46,0.327,0.397,0.267,0.444,0.278,0.31,0.25,0.455
2017,1235,84,1305,73,0.519,0.556,0.421,0.889,0.372,0.4,0.308,0.813
2017,1292,81,1278,72,0.489,0.483,0.538,0.667,0.438,0.462,0.286,0.857
2017,1321,68,1435,66,0.454,0.491,0.429,0.556,0.371,0.382,0.346,0.833
2017,1323,60,1343,58,0.415,0.404,0.364,0.667,0.320,0.386,0.258,1
2017,1345,80,1436,70,0.464,0.517,0.45,0.643,0.379,0.443,0.37,0.6
2017,1388,85,1433,77,0.537,0.556,0.353,0.744,0.430,0.446,0.154,0.654
2017,1437,76,1291,56,0.464,0.517,0.353,0.727,0.336,0.368,0.238,0.75
2017,1438,76,1423,71,0.475,0.5,0.412,0.68,0.376,0.41,0.385,0.647
2017,1452,86,1137,80,0.479,0.455,0.455,0.724,0.449,0.458,0.45,0.739
2017,1458,84,1439,74,0.412,0.433,0.419,0.76,0.478,0.469,0.412,0.808
2017,1462,76,1268,65,0.455,0.5,0.391,0.708,0.364,0.407,0.259,0.737
2017,1116,77,1371,71,0.499,0.467,0.429,0.783,0.377,0.382,0.353,0.619
2017,1124,91,1308,73,0.588,0.574,0.5,0.895,0.398,0.438,0.364,0.692
2017,1153,75,1243,61,0.589,0.628,0.455,0.727,0.388,0.389,0.389,0.8
2017,1181,87,1407,65,0.434,0.468,0.464,0.696,0.369,0.407,0.217,0.857
2017,1242,100,1413,62,0.511,0.563,0.44,0.85,0.345,0.339,0.2,0.889
2017,1246,79,1297,70,0.437,0.443,0.176,0.786,0.319,0.356,0.25,0.909
2017,1257,78,1240,63,0.458,0.484,0.333,0.786,0.460,0.5,0.526,0.875
2017,1276,92,1329,91,0.486,0.518,0.552,0.818,0.523,0.547,0.438,0.875
2017,1277,78,1274,58,0.493,0.566,0.3,0.857,0.384,0.404,0.25,0.706
2017,1314,103,1411,64,0.475,0.507,0.364,0.731,0.340,0.367,0.259,0.813
2017,1332,93,1233,77,0.488,0.556,0.391,0.667,0.397,0.438,0.385,0.688
2017,1348,84,1166,72,0.453,0.448,0.19,0.903,0.374,0.4,0.304,0.684
2017,1376,93,1266,73,0.463,0.529,0.333,0.684,0.414,0.463,0.393,0.857
2017,1417,97,1245,80,0.583,0.627,0.5,0.696,0.407,0.437,0.409,0.75
2017,1425,66,1374,65,0.392,0.48,0.286,0.714,0.383,0.421,0.391,0.727
2017,1455,64,1173,58,0.401,0.396,0.3,0.741,0.327,0.31,0.318,0.75
2017,1112,69,1388,60,0.478,0.451,0.364,0.826,0.382,0.463,0.238,0.625
2017,1139,74,1292,65,0.513,0.511,0.533,0.783,0.396,0.439,0.211,0.786
2017,1196,65,1438,39,0.412,0.46,0.381,0.611,0.271,0.296,0.067,0.857
2017,1211,79,1321,73,0.435,0.441,0.25,0.639,0.381,0.409,0.333,0.846
2017,1345,80,1235,76,0.414,0.484,0.308,0.667,0.426,0.5,0.304,0.643
2017,1452,83,1323,71,0.522,0.5,0.571,0.808,0.397,0.407,0.357,1
2017,1458,65,1437,62,0.439,0.531,0.333,0.438,0.407,0.412,0.313,0.714
2017,1462,91,1199,66,0.552,0.556,0.647,0.769,0.369,0.4,0.19,0.737
2017,1124,82,1425,78,0.473,0.508,0.368,0.867,0.479,0.545,0.409,0.9
2017,1242,90,1277,70,0.497,0.531,0.4,0.933,0.400,0.439,0.348,0.706
2017,1246,65,1455,62,0.402,0.418,0.389,0.667,0.345,0.387,0.333,0.667
2017,1276,73,1257,69,0.455,0.491,0.353,0.786,0.400,0.459,0.25,0.667
2017,1314,72,1116,65,0.396,0.381,0.294,0.76,0.385,0.433,0.381,0.625
2017,1332,75,1348,72,0.469,0.481,0.438,0.667,0.426,0.508,0.273,0.75
2017,1376,88,1181,81,0.444,0.429,0.318,0.844,0.437,0.415,0.37,0.931
2017,1417,79,1153,67,0.418,0.5,0.393,0.6,0.407,0.448,0.35,0.8
2017,1211,61,1452,58,0.448,0.409,0.4,0.656,0.303,0.267,0.217,0.724
2017,1242,98,1345,66,0.492,0.548,0.536,0.682,0.374,0.429,0.37,0.667
2017,1332,69,1276,68,0.421,0.448,0.471,0.563,0.369,0.431,0.355,1
2017,1462,73,1112,71,0.480,0.528,0.375,0.688,0.378,0.435,0.259,0.909
2017,1196,84,1458,83,0.436,0.452,0.364,0.714,0.487,0.509,0.412,0.667
2017,1246,86,1417,75,0.460,0.492,0.435,0.824,0.448,0.527,0.391,0.615
2017,1314,92,1139,80,0.482,0.544,0.375,0.636,0.403,0.435,0.286,0.857
2017,1376,70,1124,50,0.437,0.46,0.4,0.696,0.321,0.304,0.231,0.65
2017,1211,83,1462,59,0.432,0.475,0.5,0.52,0.336,0.355,0.125,0.591
2017,1332,74,1242,60,0.435,0.509,0.44,0.714,0.324,0.35,0.2,0.765
2017,1314,75,1246,73,0.444,0.466,0.2,0.692,0.395,0.415,0.368,0.632
2017,1376,77,1196,70,0.502,0.491,0.2,0.742,0.380,0.417,0.269,0.929
2017,1211,77,1376,73,0.454,0.483,0.474,0.769,0.381,0.379,0.35,0.727
2017,1314,77,1332,76,0.382,0.368,0.381,0.704,0.395,0.379,0.269,0.893
2017,1314,71,1211,65,0.319,0.356,0.148,0.577,0.363,0.339,0.421,0.654
2018,1347,71,1254,61,0.434,0.475,0.353,0.692,0.354,0.38,0.269,0.696
2018,1382,65,1417,58,0.368,0.383,0.211,0.714,0.344,0.42,0.333,0.6
2018,1393,60,1113,56,0.379,0.408,0.35,0.565,0.317,0.404,0.344,0.3
2018,1411,64,1300,46,0.358,0.368,0.25,0.842,0.269,0.304,0,0.667
2018,1104,86,1439,83,0.538,0.6,0.444,0.667,0.514,0.556,0.5,0.7
2018,1138,89,1112,68,0.468,0.548,0.5,0.857,0.392,0.453,0.111,0.727
2018,1181,89,1233,67,0.443,0.537,0.433,0.5,0.372,0.433,0.208,0.714
2018,1196,77,1382,62,0.367,0.415,0.313,0.722,0.378,0.354,0.158,0.735
2018,1211,68,1422,64,0.366,0.424,0.217,0.52,0.343,0.418,0.136,0.5
2018,1222,67,1361,65,0.406,0.373,0.385,0.75,0.381,0.37,0.25,0.6
2018,1242,76,1335,60,0.445,0.443,0.412,0.882,0.329,0.393,0.379,0.357
2018,1246,78,1172,73,0.549,0.51,0,0.813,0.360,0.393,0.333,0.824
2018,1260,64,1274,62,0.400,0.473,0.381,0.444,0.487,0.51,0.444,0.615
2018,1276,61,1285,47,0.420,0.447,0.313,0.636,0.310,0.321,0.2,0.727
2018,1326,81,1355,73,0.336,0.375,0.3,0.789,0.364,0.381,0.419,0.857
2018,1348,83,1328,78,0.365,0.39,0.393,0.6,0.392,0.42,0.2,0.667
2018,1371,94,1301,83,0.489,0.483,0.333,0.795,0.403,0.459,0.367,0.593
2018,1397,73,1460,47,0.429,0.45,0.278,0.875,0.277,0.317,0.19,0.556
2018,1403,70,1372,60,0.434,0.463,0.25,0.667,0.409,0.383,0.357,0.679
2018,1437,87,1347,61,0.511,0.596,0.519,0.786,0.339,0.339,0.333,0.813
2018,1120,62,1158,58,0.319,0.356,0.208,0.469,0.366,0.451,0.227,0.5
2018,1139,79,1116,62,0.438,0.492,0.423,0.833,0.369,0.357,0.222,0.783
2018,1153,68,1209,53,0.346,0.387,0.3,0.786,0.326,0.396,0.296,1
2018,1155,79,1308,68,0.513,0.559,0.429,0.778,0.360,0.387,0.36,0.647
2018,1199,67,1281,54,0.431,0.429,0.467,0.581,0.328,0.327,0.333,0.667
2018,1243,69,1166,59,0.431,0.46,0.474,0.56,0.283,0.338,0.265,0.8
2018,1267,81,1455,75,0.437,0.467,0.391,0.727,0.370,0.415,0.276,0.765
2018,1277,82,1137,78,0.484,0.534,0.294,0.682,0.447,0.418,0.55,0.75
2018,1305,87,1400,83,0.432,0.508,0.379,0.6,0.420,0.463,0.458,0.556
2018,1314,84,1252,66,0.467,0.517,0.409,0.722,0.335,0.359,0.25,0.867
2018,1345,74,1168,48,0.398,0.39,0.409,0.704,0.320,0.36,0.222,0.5
2018,1393,57,1395,52,0.367,0.368,0.214,0.8,0.359,0.396,0.176,0.647
2018,1401,73,1344,69,0.459,0.5,0.375,0.577,0.395,0.435,0.3,0.75
2018,1420,74,1438,54,0.473,0.542,0.5,0.714,0.331,0.411,0.182,0.5
2018,1452,85,1293,68,0.509,0.516,0.364,0.708,0.404,0.412,0.304,0.826
2018,1462,102,1411,83,0.500,0.547,0.458,0.656,0.407,0.4,0.32,0.852
2018,1181,87,1348,62,0.527,0.569,0.476,0.792,0.353,0.397,0.368,0.385
2018,1211,90,1326,84,0.481,0.534,0.409,0.613,0.424,0.455,0.423,0.813
2018,1242,83,1371,79,0.469,0.5,0.429,0.692,0.416,0.453,0.417,0.688
2018,1246,95,1138,75,0.533,0.563,0.467,0.696,0.348,0.388,0.226,0.727
2018,1260,63,1397,62,0.443,0.5,0.4,0.688,0.375,0.455,0.36,0.5
2018,1276,64,1222,63,0.327,0.356,0.267,0.7,0.386,0.37,0.389,0.727
2018,1403,69,1196,66,0.410,0.444,0.4,0.5,0.360,0.397,0.273,0.667
2018,1437,81,1104,58,0.365,0.397,0.415,0.875,0.391,0.417,0.25,0.609
2018,1155,84,1120,53,0.432,0.475,0.385,0.696,0.253,0.258,0.219,0.8
2018,1199,75,1462,70,0.428,0.436,0.348,0.864,0.465,0.469,0.385,0.633
2018,1243,50,1420,43,0.391,0.409,0.083,0.722,0.280,0.298,0.273,0.5
2018,1305,75,1153,73,0.436,0.492,0.333,0.563,0.403,0.409,0.294,0.824
2018,1345,76,1139,73,0.453,0.5,0.458,0.722,0.450,0.491,0.3,0.929
2018,1393,55,1277,53,0.432,0.357,0.125,0.774,0.241,0.258,0.216,0.688
2018,1401,86,1314,65,0.461,0.517,0.417,0.667,0.290,0.333,0.194,1
2018,1452,94,1267,71,0.475,0.5,0.48,0.889,0.389,0.393,0.462,0.714
2018,1199,75,1211,60,0.428,0.466,0.3,0.682,0.335,0.339,0.25,0.625
2018,1243,61,1246,58,0.356,0.352,0.409,0.636,0.413,0.381,0.25,0.622
2018,1260,69,1305,68,0.504,0.558,0.385,0.75,0.373,0.414,0.259,0.929
2018,1276,99,1401,72,0.547,0.619,0.583,0.875,0.417,0.478,0.2,0.5
2018,1181,69,1393,65,0.366,0.393,0.192,0.714,0.455,0.49,0.308,0.647
2018,1242,80,1155,76,0.436,0.467,0.455,0.636,0.407,0.431,0.3,0.737
2018,1403,78,1345,65,0.465,0.475,0.294,0.944,0.413,0.448,0.389,1
2018,1437,90,1452,78,0.501,0.5,0.542,0.852,0.361,0.386,0.25,0.739
2018,1260,78,1243,62,0.535,0.574,0.5,0.833,0.319,0.348,0.231,0.833
2018,1276,58,1199,54,0.356,0.388,0.182,0.667,0.352,0.314,0.235,0.9
2018,1242,85,1181,81,0.381,0.435,0.361,0.8,0.379,0.429,0.241,0.778
2018,1437,71,1403,59,0.368,0.333,0.167,0.829,0.336,0.333,0.25,0.778
2018,1276,69,1260,57,0.363,0.424,0.25,0.667,0.424,0.431,0.1,0.857
2018,1437,95,1242,79,0.439,0.554,0.45,0.714,0.430,0.452,0.333,0.8
2018,1437,79,1276,62,0.426,0.474,0.37,0.75,0.361,0.436,0.13,0.611
2019,1125,81,1396,70,0.475,0.528,0.391,0.762,0.355,0.394,0.318,0.538
2019,1192,82,1341,76,0.486,0.545,0.429,0.684,0.400,0.438,0.536,0.714
2019,1113,74,1385,65,0.490,0.449,0.417,0.758,0.295,0.319,0.258,0.565
2019,1295,78,1300,74,0.472,0.481,0.45,0.792,0.424,0.421,0.429,0.81
2019,1120,78,1308,77,0.401,0.456,0.387,0.667,0.438,0.49,0.28,0.741
2019,1124,78,1393,69,0.434,0.538,0.471,0.667,0.392,0.412,0.414,0.833
2019,1196,70,1305,61,0.434,0.453,0.278,0.773,0.339,0.345,0.208,0.72
2019,1199,76,1436,69,0.456,0.382,0.25,0.838,0.380,0.434,0.5,0.538
2019,1211,87,1192,49,0.473,0.531,0.429,0.625,0.302,0.3,0.286,0.565
2019,1242,87,1318,53,0.493,0.557,0.364,0.917,0.283,0.281,0.214,0.75
2019,1246,79,1101,44,0.504,0.536,0.286,0.789,0.274,0.321,0.217,0.5
2019,1261,79,1463,74,0.437,0.459,0.235,0.679,0.320,0.375,0.216,0.8
2019,1268,79,1125,77,0.396,0.435,0.273,0.65,0.378,0.415,0.321,0.7
2019,1276,74,1285,55,0.471,0.49,0.294,0.792,0.307,0.333,0.25,0.692
2019,1277,76,1133,65,0.450,0.426,0.263,0.962,0.402,0.423,0.429,0.667
2019,1278,86,1257,76,0.446,0.5,0.407,0.654,0.411,0.441,0.346,0.882
2019,1293,83,1266,64,0.491,0.536,0.5,0.583,0.290,0.324,0.258,0.667
2019,1345,61,1330,48,0.335,0.377,0.3,0.667,0.254,0.269,0.24,1
2019,1437,61,1388,57,0.418,0.49,0.4,0.556,0.358,0.418,0.364,0.5
2019,1459,84,1371,68,0.456,0.481,0.464,0.826,0.356,0.403,0.333,0.6
2019,1138,91,1113,74,0.462,0.517,0.37,0.731,0.407,0.433,0.136,0.95
2019,1181,85,1295,62,0.465,0.508,0.421,0.647,0.333,0.362,0.276,0.857
2019,1222,84,1209,55,0.425,0.516,0.276,0.769,0.304,0.3,0.261,0.765
2019,1234,79,1153,72,0.481,0.547,0.5,0.625,0.367,0.431,0.222,0.714
2019,1251,80,1280,76,0.455,0.462,0.48,0.8,0.452,0.481,0.364,0.783
2019,1314,88,1233,73,0.425,0.467,0.318,0.733,0.356,0.4,0.366,0.933
2019,1326,62,1235,59,0.368,0.397,0.25,0.786,0.372,0.434,0.273,0.7
2019,1328,95,1279,72,0.569,0.576,0.462,0.808,0.380,0.468,0.355,0.75
2019,1332,72,1458,54,0.508,0.549,0.467,0.818,0.282,0.333,0.2,0.615
2019,1397,77,1159,70,0.406,0.469,0.346,0.727,0.399,0.446,0.517,0.833
2019,1403,72,1297,57,0.465,0.528,0.353,0.588,0.326,0.371,0.227,0.75
2019,1414,70,1243,64,0.430,0.44,0.391,0.895,0.346,0.373,0.296,0.8
2019,1416,73,1433,58,0.481,0.491,0.643,0.727,0.307,0.311,0.231,0.824
2019,1438,71,1205,56,0.429,0.519,0.304,0.615,0.375,0.44,0.391,0.75
2019,1439,66,1387,52,0.472,0.417,0.4,0.815,0.317,0.365,0.174,0.625
2019,1449,78,1429,61,0.505,0.49,0.588,0.857,0.368,0.352,0.35,0.8
2019,1120,89,1242,75,0.456,0.525,0.433,0.8,0.436,0.458,0.316,0.833
2019,1199,90,1293,62,0.441,0.507,0.407,0.778,0.351,0.328,0.389,0.714
2019,1211,83,1124,71,0.481,0.544,0.35,0.667,0.391,0.417,0.19,0.773
2019,1246,62,1459,56,0.420,0.404,0.231,0.85,0.322,0.375,0.296,0.667
2019,1261,69,1268,67,0.359,0.369,0.292,0.875,0.331,0.333,0.321,0.696
2019,1276,64,1196,49,0.384,0.421,0.333,0.75,0.299,0.345,0.346,1
2019,1277,70,1278,50,0.508,0.571,0.4,0.727,0.287,0.305,0.091,0.857
2019,1345,87,1437,61,0.478,0.537,0.533,0.813,0.302,0.345,0.289,0.909
2019,1181,77,1416,76,0.396,0.448,0.4,0.583,0.470,0.481,0.5,0.75
2019,1222,74,1326,59,0.430,0.464,0.263,0.68,0.347,0.388,0.345,0.688
2019,1314,81,1449,59,0.458,0.508,0.429,0.8,0.316,0.383,0.31,0.4
2019,1332,73,1414,54,0.417,0.458,0.52,0.75,0.361,0.392,0.278,0.692
2019,1397,83,1234,77,0.460,0.467,0.4,0.826,0.409,0.39,0.333,0.75
2019,1403,78,1138,58,0.470,0.482,0.313,0.76,0.327,0.365,0.333,0.5
2019,1438,63,1328,51,0.383,0.482,0.292,0.4,0.333,0.365,0.364,0.833
2019,1439,67,1251,58,0.419,0.421,0.438,0.75,0.345,0.383,0.323,0.857
2019,1211,72,1199,58,0.401,0.403,0.368,0.75,0.338,0.393,0.15,0.636
2019,1345,99,1397,94,0.456,0.54,0.484,0.485,0.451,0.5,0.5,0.5
2019,1403,63,1276,44,0.402,0.436,0.316,0.9,0.291,0.327,0.053,0.647
2019,1438,53,1332,49,0.291,0.357,0.273,0.8,0.333,0.378,0.36,0.75
2019,1120,97,1314,80,0.439,0.545,0.459,0.471,0.390,0.431,0.25,0.773
2019,1181,75,1439,73,0.466,0.554,0.3,0.7,0.381,0.403,0.346,0.778
2019,1246,62,1222,58,0.467,0.478,0.333,0.737,0.370,0.396,0.35,0.75
2019,1277,80,1261,63,0.394,0.47,0.406,0.625,0.357,0.393,0.286,0.643
2019,1403,75,1211,69,0.424,0.439,0.391,0.842,0.375,0.424,0.269,0.75
2019,1438,80,1345,75,0.397,0.415,0.333,0.85,0.410,0.491,0.438,0.7
2019,1120,77,1246,71,0.391,0.4,0.304,0.75,0.389,0.443,0.238,0.571
2019,1277,68,1181,67,0.371,0.429,0.316,0.333,0.400,0.456,0.333,0.615
2019,1403,61,1277,51,0.383,0.431,0.391,0.615,0.323,0.319,0.292,0.778
2019,1438,63,1120,62,0.418,0.49,0.368,0.5,0.336,0.382,0.29,0.786
2019,1438,85,1403,77,0.456,0.458,0.458,0.87,0.387,0.429,0.333,0.867
